# x,y
-0.1957142857,-1.5176615012
-0.1958043307,-1.5176615012
-0.1958943758,-1.5176615012
-0.1959844208,-1.5176615012
-0.1960744658,-1.5176615012
-0.1961194883,-1.5176164787
-0.1961645108,-1.5175714562
-0.1962545558,-1.5175714562
-0.1962995784,-1.5175264336
-0.1963446009,-1.5174814111
-0.1964346459,-1.5174814111
-0.1964796684,-1.5174363886
-0.1965246909,-1.5173913661
-0.1965697134,-1.5173463436
-0.1966147359,-1.5173013211
-0.1966597585,-1.5172562986
-0.1967047810,-1.5172112761
-0.1967498035,-1.5171662536
-0.1967948260,-1.5171212310
-0.1968848710,-1.5171212310
-0.1969749160,-1.5171212310
-0.1970649611,-1.5171212310
-0.1971550061,-1.5171212310
-0.1972000286,-1.5170762085
-0.1972450511,-1.5170311860
-0.1972900736,-1.5169861635
-0.1973350961,-1.5169411410
-0.1973801186,-1.5168961185
-0.1973801186,-1.5168060735
-0.1974251411,-1.5167610510
-0.1974701637,-1.5167160284
-0.1974701637,-1.5166259834
-0.1974701637,-1.5165359384
-0.1975151862,-1.5164909159
-0.1975602087,-1.5164458934
-0.1975602087,-1.5163558484
-0.1975602087,-1.5162658033
-0.1975602087,-1.5161757583
-0.1975602087,-1.5160857133
-0.1975602087,-1.5159956683
-0.1976052312,-1.5159506458
-0.1976502537,-1.5159056232
-0.1976502537,-1.5158155782
-0.1976952762,-1.5157705557
-0.1977402987,-1.5158155782
-0.1977402987,-1.5159056232
-0.1977402987,-1.5159956683
-0.1977402987,-1.5160857133
-0.1977853212,-1.5161307358
-0.1978303437,-1.5161757583
-0.1978303437,-1.5162658033
-0.1978753663,-1.5163108258
-0.1979203888,-1.5163558484
-0.1979654113,-1.5164008709
-0.1980104338,-1.5164458934
-0.1980104338,-1.5165359384
-0.1980554563,-1.5165809609
-0.1981004788,-1.5166259834
-0.1981455013,-1.5166710059
-0.1982355463,-1.5166710059
-0.1982805689,-1.5167160284
-0.1983255914,-1.5167610510
-0.1984156364,-1.5167610510
-0.1984606589,-1.5167160284
-0.1985056814,-1.5166710059
-0.1985507039,-1.5166259834
-0.1985957264,-1.5165809609
-0.1986857715,-1.5165809609
-0.1987307940,-1.5165359384
-0.1987758165,-1.5164909159
-0.1988658615,-1.5164909159
-0.1989559065,-1.5164909159
-0.1990459515,-1.5164909159
-0.1991359966,-1.5164909159
-0.1991810191,-1.5165359384
-0.1992260416,-1.5165809609
-0.1992710641,-1.5165359384
-0.1993160866,-1.5164909159
-0.1994061316,-1.5164909159
-0.1994961767,-1.5164909159
-0.1995862217,-1.5164909159
-0.1996762667,-1.5164909159
-0.1997212892,-1.5164458934
-0.1997663117,-1.5164008709
-0.1998113342,-1.5163558484
-0.1998563567,-1.5163108258
-0.1999013793,-1.5162658033
-0.1999013793,-1.5161757583
-0.1998563567,-1.5161307358
-0.1998113342,-1.5160857133
-0.1997663117,-1.5160406908
-0.1997212892,-1.5159956683
-0.1997212892,-1.5159056232
-0.1996762667,-1.5158606007
-0.1996312442,-1.5158155782
-0.1995862217,-1.5157705557
-0.1995411992,-1.5157255332
-0.1994961767,-1.5156805107
-0.1994511541,-1.5156354882
-0.1994061316,-1.5155904657
-0.1993611091,-1.5155454431
-0.1993611091,-1.5154553981
-0.1993611091,-1.5153653531
-0.1993160866,-1.5153203306
-0.1992710641,-1.5152753081
-0.1992710641,-1.5151852631
-0.1992710641,-1.5150952180
-0.1992710641,-1.5150051730
-0.1992710641,-1.5149151280
-0.1992710641,-1.5148250830
-0.1993160866,-1.5147800605
-0.1993611091,-1.5147350379
-0.1994061316,-1.5146900154
-0.1994511541,-1.5146449929
-0.1994961767,-1.5145999704
-0.1995411992,-1.5145549479
-0.1995862217,-1.5145099254
-0.1996762667,-1.5145099254
-0.1997212892,-1.5144649029
-0.1997663117,-1.5144198804
-0.1998113342,-1.5143748579
-0.1998563567,-1.5143298353
-0.1999013793,-1.5142848128
-0.1999464018,-1.5142397903
-0.1999914243,-1.5141947678
-0.1999914243,-1.5141047228
-0.1999914243,-1.5140146778
-0.1999914243,-1.5139246327
-0.1999914243,-1.5138345877
-0.1999914243,-1.5137445427
-0.2000364468,-1.5136995202
-0.2000814693,-1.5136544977
-0.2001264918,-1.5136094752
-0.2001715143,-1.5135644527
-0.2002165368,-1.5135194301
-0.2003065819,-1.5135194301
-0.2003516044,-1.5135644527
-0.2003966269,-1.5136094752
-0.2004416494,-1.5136544977
-0.2004866719,-1.5136995202
-0.2005316944,-1.5137445427
-0.2005767169,-1.5137895652
-0.2006217394,-1.5138345877
-0.2006217394,-1.5139246327
-0.2006217394,-1.5140146778
-0.2006667620,-1.5140597003
-0.2007117845,-1.5141047228
-0.2007568070,-1.5141497453
-0.2008018295,-1.5141947678
-0.2008468520,-1.5142397903
-0.2008918745,-1.5142848128
-0.2009368970,-1.5143298353
-0.2010269420,-1.5143298353
-0.2011169871,-1.5143298353
-0.2011620096,-1.5143748579
-0.2012070321,-1.5144198804
-0.2012970771,-1.5144198804
-0.2013871221,-1.5144198804
-0.2014321446,-1.5144649029
-0.2014771672,-1.5145099254
-0.2015221897,-1.5145549479
-0.2015221897,-1.5146449929
-0.2015672122,-1.5146900154
-0.2016122347,-1.5147350379
-0.2016122347,-1.5148250830
-0.2016122347,-1.5149151280
-0.2016122347,-1.5150051730
-0.2016122347,-1.5150952180
-0.2016122347,-1.5151852631
-0.2015672122,-1.5152302856
-0.2015221897,-1.5152753081
-0.2015221897,-1.5153653531
-0.2015221897,-1.5154553981
-0.2015221897,-1.5155454431
-0.2015672122,-1.5155904657
-0.2016122347,-1.5156354882
-0.2016572572,-1.5156805107
-0.2017473022,-1.5156805107
-0.2018373472,-1.5156805107
-0.2018823698,-1.5156354882
-0.2019273923,-1.5155904657
-0.2020174373,-1.5155904657
-0.2020624598,-1.5155454431
-0.2021074823,-1.5155004206
-0.2021975273,-1.5155004206
-0.2022425498,-1.5154553981
-0.2022875724,-1.5154103756
-0.2023325949,-1.5153653531
-0.2023776174,-1.5153203306
-0.2024226399,-1.5152753081
-0.2024676624,-1.5152302856
-0.2025577074,-1.5152302856
-0.2026477524,-1.5152302856
-0.2027377975,-1.5152302856
-0.2028278425,-1.5152302856
-0.2029178875,-1.5152302856
-0.2029629100,-1.5151852631
-0.2030079325,-1.5151402405
-0.2030529550,-1.5150952180
-0.2030529550,-1.5150051730
-0.2030979776,-1.5149601505
-0.2031430001,-1.5149151280
-0.2031430001,-1.5148250830
-0.2031430001,-1.5147350379
-0.2031430001,-1.5146449929
-0.2031430001,-1.5145549479
-0.2031430001,-1.5144649029
-0.2031430001,-1.5143748579
-0.2031880226,-1.5143298353
-0.2032330451,-1.5142848128
-0.2032780676,-1.5142397903
-0.2033681126,-1.5142397903
-0.2034131351,-1.5142848128
-0.2034131351,-1.5143748579
-0.2034131351,-1.5144649029
-0.2034581577,-1.5145099254
-0.2035031802,-1.5145549479
-0.2035031802,-1.5146449929
-0.2035482027,-1.5146900154
-0.2036382477,-1.5146900154
-0.2036832702,-1.5147350379
-0.2037282927,-1.5147800605
-0.2038183377,-1.5147800605
-0.2038633603,-1.5148250830
-0.2039083828,-1.5148701055
-0.2039534053,-1.5148250830
-0.2039984278,-1.5147800605
-0.2040884728,-1.5147800605
-0.2041334953,-1.5147350379
-0.2041785178,-1.5146900154
-0.2042685629,-1.5146900154
-0.2043135854,-1.5146449929
-0.2043586079,-1.5145999704
-0.2044486529,-1.5145999704
-0.2045386979,-1.5145999704
-0.2046287429,-1.5145999704
-0.2047187880,-1.5145999704
-0.2048088330,-1.5145999704
-0.2048988780,-1.5145999704
-0.2049889230,-1.5145999704
-0.2050339455,-1.5145549479
-0.2050789681,-1.5145099254
-0.2051239906,-1.5144649029
-0.2051239906,-1.5143748579
-0.2051239906,-1.5142848128
-0.2050789681,-1.5142397903
-0.2050339455,-1.5141947678
-0.2050339455,-1.5141047228
-0.2049889230,-1.5140597003
-0.2049439005,-1.5140146778
-0.2048988780,-1.5139696553
-0.2048538555,-1.5139246327
-0.2048538555,-1.5138345877
-0.2048538555,-1.5137445427
-0.2048538555,-1.5136544977
-0.2048538555,-1.5135644527
-0.2048088330,-1.5135194301
-0.2047638105,-1.5134744076
-0.2047638105,-1.5133843626
-0.2047638105,-1.5132943176
-0.2047638105,-1.5132042726
-0.2047638105,-1.5131142275
-0.2048088330,-1.5130692050
-0.2048538555,-1.5130241825
-0.2048988780,-1.5129791600
-0.2049439005,-1.5129341375
-0.2049889230,-1.5128891150
-0.2050339455,-1.5128440925
-0.2050789681,-1.5127990700
-0.2051239906,-1.5127540475
-0.2051690131,-1.5127090249
-0.2052140356,-1.5126640024
-0.2052140356,-1.5125739574
-0.2052590581,-1.5125289349
-0.2053040806,-1.5124839124
-0.2053040806,-1.5123938674
-0.2053040806,-1.5123038223
-0.2053491031,-1.5122587998
-0.2053941256,-1.5122137773
-0.2053941256,-1.5121237323
-0.2054391481,-1.5120787098
-0.2055291932,-1.5120787098
-0.2055742157,-1.5120336873
-0.2056192382,-1.5119886648
-0.2056642607,-1.5120336873
-0.2057092832,-1.5120787098
-0.2057993282,-1.5120787098
-0.2058443507,-1.5121237323
-0.2058893733,-1.5121687548
-0.2059343958,-1.5122137773
-0.2059343958,-1.5123038223
-0.2059794183,-1.5123488448
-0.2060244408,-1.5123938674
-0.2060694633,-1.5124388899
-0.2061144858,-1.5124839124
-0.2061595083,-1.5125289349
-0.2062045308,-1.5125739574
-0.2062495533,-1.5126189799
-0.2063395984,-1.5126189799
-0.2064296434,-1.5126189799
-0.2064746659,-1.5126640024
-0.2065196884,-1.5127090249
-0.2066097334,-1.5127090249
-0.2066547559,-1.5127540475
-0.2066997785,-1.5127990700
-0.2067448010,-1.5128440925
-0.2067448010,-1.5129341375
-0.2067448010,-1.5130241825
-0.2067448010,-1.5131142275
-0.2067448010,-1.5132042726
-0.2067448010,-1.5132943176
-0.2067448010,-1.5133843626
-0.2067448010,-1.5134744076
-0.2067448010,-1.5135644527
-0.2067898235,-1.5136094752
-0.2068348460,-1.5136544977
-0.2068348460,-1.5137445427
-0.2068798685,-1.5137895652
-0.2069699135,-1.5137895652
-0.2070599586,-1.5137895652
-0.2071500036,-1.5137895652
-0.2072400486,-1.5137895652
-0.2073300936,-1.5137895652
-0.2073751161,-1.5137445427
-0.2074201386,-1.5136995202
-0.2075101837,-1.5136995202
-0.2075552062,-1.5136544977
-0.2076002287,-1.5136094752
-0.2076452512,-1.5135644527
-0.2076902737,-1.5135194301
-0.2077803187,-1.5135194301
-0.2078703638,-1.5135194301
-0.2079153863,-1.5134744076
-0.2079604088,-1.5134293851
-0.2080054313,-1.5133843626
-0.2080504538,-1.5133393401
-0.2080954763,-1.5132943176
-0.2080954763,-1.5132042726
-0.2081404988,-1.5131592501
-0.2081855213,-1.5131142275
-0.2081855213,-1.5130241825
-0.2081855213,-1.5129341375
-0.2081855213,-1.5128440925
-0.2082305438,-1.5127990700
-0.2082755664,-1.5127540475
-0.2083205889,-1.5127090249
-0.2083656114,-1.5127540475
-0.2083656114,-1.5128440925
-0.2084106339,-1.5128891150
-0.2084556564,-1.5129341375
-0.2085006789,-1.5129791600
-0.2085457014,-1.5130241825
-0.2085907239,-1.5130692050
-0.2086357464,-1.5131142275
-0.2086807690,-1.5131592501
-0.2087708140,-1.5131592501
-0.2088608590,-1.5131592501
-0.2089509040,-1.5131592501
-0.2090409490,-1.5131592501
-0.2090859716,-1.5131142275
-0.2091309941,-1.5130692050
-0.2092210391,-1.5130692050
-0.2092660616,-1.5130241825
-0.2093110841,-1.5129791600
-0.2094011291,-1.5129791600
-0.2094911742,-1.5129791600
-0.2095812192,-1.5129791600
-0.2096712642,-1.5129791600
-0.2097162867,-1.5129341375
-0.2097613092,-1.5128891150
-0.2098513542,-1.5128891150
-0.2098963768,-1.5128440925
-0.2098963768,-1.5127540475
-0.2098963768,-1.5126640024
-0.2098963768,-1.5125739574
-0.2098513542,-1.5125289349
-0.2098063317,-1.5124839124
-0.2097613092,-1.5124388899
-0.2097162867,-1.5123938674
-0.2096712642,-1.5123488448
-0.2096262417,-1.5123038223
-0.2095812192,-1.5122587998
-0.2095361967,-1.5122137773
-0.2095361967,-1.5121237323
-0.2094911742,-1.5120787098
-0.2094461516,-1.5120336873
-0.2094461516,-1.5119436422
-0.2094461516,-1.5118535972
-0.2094461516,-1.5117635522
-0.2094911742,-1.5117185297
-0.2095361967,-1.5116735072
-0.2095812192,-1.5116284847
-0.2096262417,-1.5115834622
-0.2096712642,-1.5115384396
-0.2097162867,-1.5114934171
-0.2097613092,-1.5114483946
-0.2098063317,-1.5114033721
-0.2098513542,-1.5113583496
-0.2098963768,-1.5113133271
-0.2099413993,-1.5112683046
-0.2099864218,-1.5112232821
-0.2099864218,-1.5111332370
-0.2100314443,-1.5110882145
-0.2100764668,-1.5110431920
-0.2100764668,-1.5109531470
-0.2101214893,-1.5109081245
-0.2101665118,-1.5108631020
-0.2102115343,-1.5108180795
-0.2102565568,-1.5107730570
-0.2103015794,-1.5107280344
-0.2103916244,-1.5107280344
-0.2104816694,-1.5107280344
-0.2105266919,-1.5107730570
-0.2105717144,-1.5108180795
-0.2106167369,-1.5108631020
-0.2106167369,-1.5109531470
-0.2106617595,-1.5109981695
-0.2107067820,-1.5110431920
-0.2107518045,-1.5110882145
-0.2107968270,-1.5111332370
-0.2108418495,-1.5111782596
-0.2108868720,-1.5112232821
-0.2109318945,-1.5112683046
-0.2110219395,-1.5112683046
-0.2110669621,-1.5113133271
-0.2111119846,-1.5113583496
-0.2112020296,-1.5113583496
-0.2112470521,-1.5114033721
-0.2112470521,-1.5114934171
-0.2112920746,-1.5115384396
-0.2113370971,-1.5115834622
-0.2113370971,-1.5116735072
-0.2113370971,-1.5117635522
-0.2113370971,-1.5118535972
-0.2113370971,-1.5119436422
-0.2113370971,-1.5120336873
-0.2113821196,-1.5120787098
-0.2114271421,-1.5121237323
-0.2114721647,-1.5121687548
-0.2115171872,-1.5122137773
-0.2115622097,-1.5122587998
-0.2116072322,-1.5122137773
-0.2116522547,-1.5121687548
-0.2117422997,-1.5121687548
-0.2117873222,-1.5121237323
-0.2118323447,-1.5120787098
-0.2119223898,-1.5120787098
-0.2119674123,-1.5120336873
-0.2120124348,-1.5119886648
-0.2121024798,-1.5119886648
-0.2121475023,-1.5119436422
-0.2121925248,-1.5118986197
-0.2122825699,-1.5118986197
-0.2123275924,-1.5118535972
-0.2123726149,-1.5118085747
-0.2124176374,-1.5117635522
-0.2124626599,-1.5117185297
-0.2125076824,-1.5116735072
-0.2125076824,-1.5115834622
-0.2125527049,-1.5115384396
-0.2125977274,-1.5114934171
-0.2126427499,-1.5114483946
-0.2127327950,-1.5114483946
-0.2128228400,-1.5114483946
-0.2128678625,-1.5114934171
-0.2129128850,-1.5115384396
-0.2130029300,-1.5115384396
-0.2130479525,-1.5115834622
-0.2130929751,-1.5116284847
-0.2131830201,-1.5116284847
-0.2132730651,-1.5116284847
-0.2133180876,-1.5115834622
-0.2133631101,-1.5115384396
-0.2134531551,-1.5115384396
-0.2135432002,-1.5115384396
-0.2136332452,-1.5115384396
-0.2137232902,-1.5115384396
-0.2138133352,-1.5115384396
-0.2138583578,-1.5114934171
-0.2139033803,-1.5114483946
-0.2139934253,-1.5114483946
-0.2140384478,-1.5114033721
-0.2140834703,-1.5113583496
-0.2141284928,-1.5113133271
-0.2141284928,-1.5112232821
-0.2140834703,-1.5111782596
-0.2140384478,-1.5111332370
-0.2140384478,-1.5110431920
-0.2139934253,-1.5109981695
-0.2139484028,-1.5109531470
-0.2139033803,-1.5109081245
-0.2138583578,-1.5108631020
-0.2138583578,-1.5107730570
-0.2138583578,-1.5106830119
-0.2138133352,-1.5106379894
-0.2137683127,-1.5105929669
-0.2137683127,-1.5105029219
-0.2137683127,-1.5104128769
-0.2137683127,-1.5103228318
-0.2138133352,-1.5102778093
-0.2138583578,-1.5102327868
-0.2139033803,-1.5101877643
-0.2139484028,-1.5101427418
-0.2139934253,-1.5100977193
-0.2140834703,-1.5100977193
-0.2141284928,-1.5100526968
-0.2141735153,-1.5100076743
-0.2142185378,-1.5099626518
-0.2142185378,-1.5098726067
-0.2142635604,-1.5098275842
-0.2143085829,-1.5097825617
-0.2143085829,-1.5096925167
-0.2143085829,-1.5096024717
-0.2143536054,-1.5095574492
-0.2143986279,-1.5095124266
-0.2144436504,-1.5094674041
-0.2145336954,-1.5094674041
-0.2146237404,-1.5094674041
-0.2146687630,-1.5095124266
-0.2147137855,-1.5095574492
-0.2147588080,-1.5096024717
-0.2147588080,-1.5096925167
-0.2148038305,-1.5097375392
-0.2148488530,-1.5097825617
-0.2148938755,-1.5098275842
-0.2149388980,-1.5098726067
-0.2149839205,-1.5099176292
-0.2150289430,-1.5099626518
-0.2150739656,-1.5100076743
-0.2151640106,-1.5100076743
-0.2152090331,-1.5100526968
-0.2152540556,-1.5100977193
-0.2152990781,-1.5101427418
-0.2152990781,-1.5102327868
-0.2152990781,-1.5103228318
-0.2153441006,-1.5103678544
-0.2153891231,-1.5104128769
-0.2153891231,-1.5105029219
-0.2153891231,-1.5105929669
-0.2154341456,-1.5106379894
-0.2154791682,-1.5106830119
-0.2155241907,-1.5107280344
-0.2155692132,-1.5107730570
-0.2156142357,-1.5108180795
-0.2157042807,-1.5108180795
-0.2157943257,-1.5108180795
-0.2158393482,-1.5107730570
-0.2158843708,-1.5107280344
-0.2159744158,-1.5107280344
-0.2160644608,-1.5107280344
-0.2161094833,-1.5106830119
-0.2161545058,-1.5106379894
-0.2162445508,-1.5106379894
-0.2162895734,-1.5105929669
-0.2163345959,-1.5105479444
-0.2163796184,-1.5105029219
-0.2164246409,-1.5104578994
-0.2164696634,-1.5104128769
-0.2164696634,-1.5103228318
-0.2164696634,-1.5102327868
-0.2165146859,-1.5101877643
-0.2165597084,-1.5101427418
-0.2165597084,-1.5100526968
-0.2166047309,-1.5100076743
-0.2166947760,-1.5100076743
-0.2167397985,-1.5100526968
-0.2167848210,-1.5100977193
-0.2168748660,-1.5100977193
-0.2169198885,-1.5101427418
-0.2169649110,-1.5101877643
-0.2170549560,-1.5101877643
-0.2171450011,-1.5101877643
-0.2172350461,-1.5101877643
-0.2173250911,-1.5101877643
-0.2174151361,-1.5101877643
-0.2175051812,-1.5101877643
-0.2175502037,-1.5101427418
-0.2175952262,-1.5100977193
-0.2176852712,-1.5100977193
-0.2177302937,-1.5100526968
-0.2177753162,-1.5100076743
-0.2178203387,-1.5099626518
-0.2178203387,-1.5098726067
-0.2178203387,-1.5097825617
-0.2177753162,-1.5097375392
-0.2177302937,-1.5096925167
-0.2177302937,-1.5096024717
-0.2176852712,-1.5095574492
-0.2176402487,-1.5095124266
-0.2176402487,-1.5094223816
-0.2176402487,-1.5093323366
-0.2176402487,-1.5092422916
-0.2175952262,-1.5091972691
-0.2175502037,-1.5091522466
-0.2175502037,-1.5090622015
-0.2175952262,-1.5090171790
-0.2176402487,-1.5089721565
-0.2176852712,-1.5089271340
-0.2177302937,-1.5088821115
-0.2177753162,-1.5088370890
-0.2178653613,-1.5088370890
-0.2179103838,-1.5087920665
-0.2179554063,-1.5087470439
-0.2180004288,-1.5087020214
-0.2180004288,-1.5086119764
-0.2180454513,-1.5085669539
-0.2180904738,-1.5085219314
-0.2181354963,-1.5084769089
-0.2181805188,-1.5084318864
-0.2182255413,-1.5083868639
-0.2183155864,-1.5083868639
-0.2183606089,-1.5084318864
-0.2184056314,-1.5084769089
-0.2184506539,-1.5085219314
-0.2184956764,-1.5085669539
-0.2185406989,-1.5086119764
-0.2185857214,-1.5086569989
-0.2186307439,-1.5087020214
-0.2186757665,-1.5087470439
-0.2187658115,-1.5087470439
-0.2188558565,-1.5087470439
-0.2189008790,-1.5087920665
-0.2189459015,-1.5088370890
-0.2189909240,-1.5088821115
-0.2190359465,-1.5089271340
-0.2190809691,-1.5089721565
-0.2190809691,-1.5090622015
-0.2190809691,-1.5091522466
-0.2191259916,-1.5091972691
-0.2191710141,-1.5092422916
-0.2191710141,-1.5093323366
-0.2192160366,-1.5093773591
-0.2193060816,-1.5093773591
-0.2193511041,-1.5094223816
-0.2193961266,-1.5094674041
-0.2194861717,-1.5094674041
-0.2195762167,-1.5094674041
-0.2196212392,-1.5094223816
-0.2196662617,-1.5093773591
-0.2197563067,-1.5093773591
-0.2198463517,-1.5093773591
-0.2198913743,-1.5093323366
-0.2199363968,-1.5092873141
-0.2199814193,-1.5092422916
-0.2199814193,-1.5091522466
-0.2200264418,-1.5091072240
-0.2200714643,-1.5090622015
-0.2201164868,-1.5090171790
-0.2201615093,-1.5089721565
-0.2202065318,-1.5089271340
-0.2202515543,-1.5089721565
-0.2202965769,-1.5090171790
-0.2203866219,-1.5090171790
-0.2204766669,-1.5090171790
-0.2205667119,-1.5090171790
-0.2206567569,-1.5090171790
-0.2207468020,-1.5090171790
-0.2208368470,-1.5090171790
-0.2208818695,-1.5089721565
-0.2209268920,-1.5089271340
-0.2210169370,-1.5089271340
-0.2210619596,-1.5088821115
-0.2211069821,-1.5088370890
-0.2211520046,-1.5087920665
-0.2211520046,-1.5087020214
-0.2211520046,-1.5086119764
-0.2211520046,-1.5085219314
-0.2211520046,-1.5084318864
-0.2211520046,-1.5083418413
-0.2211069821,-1.5082968188
-0.2210619596,-1.5082517963
-0.2210619596,-1.5081617513
-0.2210619596,-1.5080717063
-0.2210619596,-1.5079816613
-0.2210619596,-1.5078916162
-0.2211069821,-1.5078465937
-0.2211520046,-1.5078015712
-0.2211970271,-1.5077565487
-0.2212870721,-1.5077565487
-0.2213320946,-1.5077115262
-0.2213320946,-1.5076214812
-0.2213771171,-1.5075764587
-0.2214221396,-1.5075314361
-0.2214671622,-1.5074864136
-0.2215121847,-1.5074413911
-0.2215572072,-1.5073963686
-0.2216472522,-1.5073963686
-0.2217372972,-1.5073963686
-0.2217823197,-1.5074413911
-0.2218273422,-1.5074864136
-0.2218723648,-1.5075314361
-0.2219173873,-1.5075764587
-0.2220074323,-1.5075764587
-0.2220524548,-1.5076214812
-0.2220974773,-1.5076665037
-0.2221875223,-1.5076665037
-0.2222325448,-1.5077115262
-0.2222325448,-1.5078015712
-0.2222775674,-1.5078465937
-0.2223225899,-1.5078916162
-0.2223225899,-1.5079816613
-0.2223225899,-1.5080717063
-0.2223676124,-1.5081167288
-0.2224126349,-1.5081617513
-0.2224126349,-1.5082517963
-0.2224576574,-1.5082968188
-0.2225477024,-1.5082968188
-0.2226377474,-1.5082968188
-0.2227277925,-1.5082968188
-0.2228178375,-1.5082968188
-0.2228628600,-1.5082517963
-0.2229078825,-1.5082067738
-0.2229979275,-1.5082067738
-0.2230429500,-1.5081617513
-0.2230879726,-1.5081167288
-0.2231329951,-1.5080717063
-0.2231780176,-1.5080266838
-0.2232230401,-1.5079816613
-0.2232680626,-1.5079366387
-0.2233130851,-1.5078916162
-0.2233581076,-1.5078465937
-0.2234481526,-1.5078465937
-0.2234931752,-1.5078916162
-0.2235381977,-1.5079366387
-0.2236282427,-1.5079366387
-0.2237182877,-1.5079366387
-0.2238083327,-1.5079366387
-0.2238983778,-1.5079366387
-0.2239884228,-1.5079366387
-0.2240334453,-1.5078916162
-0.2240784678,-1.5078465937
-0.2241685128,-1.5078465937
-0.2242135353,-1.5078015712
-0.2242135353,-1.5077115262
-0.2242585579,-1.5076665037
-0.2243035804,-1.5076214812
-0.2243035804,-1.5075314361
-0.2243035804,-1.5074413911
-0.2242585579,-1.5073963686
-0.2242135353,-1.5073513461
-0.2242135353,-1.5072613011
-0.2242135353,-1.5071712561
-0.2242135353,-1.5070812110
-0.2242135353,-1.5069911660
-0.2242585579,-1.5069461435
-0.2243035804,-1.5069011210
-0.2243035804,-1.5068110760
-0.2243486029,-1.5067660535
-0.2243936254,-1.5067210309
-0.2244386479,-1.5066760084
-0.2244836704,-1.5066309859
-0.2244836704,-1.5065409409
-0.2245286929,-1.5064959184
-0.2245737154,-1.5064508959
-0.2246187379,-1.5064058734
-0.2247087830,-1.5064058734
-0.2247538055,-1.5064508959
-0.2247988280,-1.5064959184
-0.2248438505,-1.5065409409
-0.2248888730,-1.5065859634
-0.2249789180,-1.5065859634
-0.2250239405,-1.5066309859
-0.2250689631,-1.5066760084
-0.2251139856,-1.5067210309
-0.2251590081,-1.5067660535
-0.2252040306,-1.5068110760
-0.2252490531,-1.5068560985
-0.2252940756,-1.5069011210
-0.2252940756,-1.5069911660
-0.2252940756,-1.5070812110
-0.2253390981,-1.5071262335
-0.2253841206,-1.5071712561
-0.2254291431,-1.5072162786
-0.2254741657,-1.5072613011
-0.2255191882,-1.5073063236
-0.2256092332,-1.5073063236
-0.2256992782,-1.5073063236
-0.2257443007,-1.5072613011
-0.2257893232,-1.5072162786
-0.2258793683,-1.5072162786
-0.2259243908,-1.5071712561
-0.2259694133,-1.5071262335
-0.2260144358,-1.5070812110
-0.2260144358,-1.5069911660
-0.2260594583,-1.5069461435
-0.2261044808,-1.5069011210
-0.2261495033,-1.5068560985
-0.2262395483,-1.5068560985
-0.2263295934,-1.5068560985
-0.2264196384,-1.5068560985
-0.2265096834,-1.5068560985
-0.2265997284,-1.5068560985
-0.2266897735,-1.5068560985
-0.2267798185,-1.5068560985
-0.2268248410,-1.5068110760
-0.2268698635,-1.5067660535
-0.2269148860,-1.5067210309
-0.2269599085,-1.5066760084
-0.2270049310,-1.5066309859
-0.2270049310,-1.5065409409
-0.2270049310,-1.5064508959
-0.2270049310,-1.5063608509
-0.2270049310,-1.5062708058
-0.2270049310,-1.5061807608
-0.2270049310,-1.5060907158
-0.2270499535,-1.5060456933
-0.2270949761,-1.5060006708
-0.2270949761,-1.5059106257
-0.2271399986,-1.5058656032
-0.2271850211,-1.5058205807
-0.2272300436,-1.5057755582
-0.2272750661,-1.5057305357
-0.2272750661,-1.5056404907
-0.2273200886,-1.5055954682
-0.2274101336,-1.5055954682
-0.2275001787,-1.5055954682
-0.2275902237,-1.5055954682
-0.2276352462,-1.5056404907
-0.2276802687,-1.5056855132
-0.2277252912,-1.5057305357
-0.2277703137,-1.5057755582
-0.2278153362,-1.5058205807
-0.2278603588,-1.5058656032
-0.2279053813,-1.5059106257
-0.2279504038,-1.5059556483
-0.2279954263,-1.5060006708
-0.2279954263,-1.5060907158
-0.2280404488,-1.5061357383
-0.2280854713,-1.5061807608
-0.2281304938,-1.5062257833
-0.2281755163,-1.5062708058
-0.2282205388,-1.5063158283
-0.2283105839,-1.5063158283
-0.2283556064,-1.5062708058
-0.2284006289,-1.5062257833
-0.2284906739,-1.5062257833
-0.2285356964,-1.5061807608
-0.2285807189,-1.5061357383
-0.2286257414,-1.5060907158
-0.2286707640,-1.5060456933
-0.2287157865,-1.5060006708
-0.2287608090,-1.5059556483
-0.2288508540,-1.5059556483
-0.2289408990,-1.5059556483
-0.2290309440,-1.5059556483
-0.2291209891,-1.5059556483
-0.2292110341,-1.5059556483
-0.2293010791,-1.5059556483
-0.2293911241,-1.5059556483
-0.2294361466,-1.5059106257
-0.2294811692,-1.5058656032
-0.2295261917,-1.5058205807
-0.2295712142,-1.5057755582
-0.2296162367,-1.5057305357
-0.2296162367,-1.5056404907
-0.2296162367,-1.5055504457
-0.2296162367,-1.5054604006
-0.2295712142,-1.5054153781
-0.2295261917,-1.5053703556
-0.2295261917,-1.5052803106
-0.2295712142,-1.5052352881
-0.2296162367,-1.5051902656
-0.2296162367,-1.5051002205
-0.2296612592,-1.5050551980
-0.2297062817,-1.5050101755
-0.2297513042,-1.5049651530
-0.2297963267,-1.5049201305
-0.2297963267,-1.5048300855
-0.2298413492,-1.5047850630
-0.2298863718,-1.5047400404
-0.2299313943,-1.5046950179
-0.2300214393,-1.5046950179
-0.2300664618,-1.5047400404
-0.2301114843,-1.5047850630
-0.2301565068,-1.5048300855
-0.2302015293,-1.5048751080
-0.2302915744,-1.5048751080
-0.2303365969,-1.5049201305
-0.2303365969,-1.5050101755
-0.2303816194,-1.5050551980
-0.2304266419,-1.5051002205
-0.2304716644,-1.5051452430
-0.2305166869,-1.5051902656
-0.2305166869,-1.5052803106
-0.2305617094,-1.5053253331
-0.2306067319,-1.5053703556
-0.2306517544,-1.5054153781
-0.2307417995,-1.5054153781
-0.2308318445,-1.5054153781
-0.2308768670,-1.5053703556
-0.2309218895,-1.5053253331
-0.2310119345,-1.5053253331
-0.2310569570,-1.5052803106
-0.2311019796,-1.5052352881
-0.2311470021,-1.5051902656
-0.2311920246,-1.5051452430
-0.2312370471,-1.5051002205
-0.2312820696,-1.5050551980
-0.2313721146,-1.5050551980
-0.2314621597,-1.5050551980
-0.2315522047,-1.5050551980
-0.2316422497,-1.5050551980
-0.2317322947,-1.5050551980
-0.2318223397,-1.5050551980
-0.2318673623,-1.5050101755
-0.2319123848,-1.5049651530
-0.2319574073,-1.5049201305
-0.2319574073,-1.5048300855
-0.2319574073,-1.5047400404
-0.2319574073,-1.5046499954
-0.2319574073,-1.5045599504
-0.2319574073,-1.5044699054
-0.2319574073,-1.5043798604
-0.2319574073,-1.5042898153
-0.2319574073,-1.5041997703
-0.2320024298,-1.5041547478
-0.2320474523,-1.5041097253
-0.2320924748,-1.5040647028
-0.2321374973,-1.5040196803
-0.2321825198,-1.5039746578
-0.2322275423,-1.5039296352
-0.2322725649,-1.5038846127
-0.2323175874,-1.5039296352
-0.2323626099,-1.5039746578
-0.2324076324,-1.5040196803
-0.2324526549,-1.5040647028
-0.2324976774,-1.5041097253
-0.2325426999,-1.5041547478
-0.2326327449,-1.5041547478
-0.2326777675,-1.5041997703
-0.2327227900,-1.5042447928
-0.2327678125,-1.5042898153
-0.2328128350,-1.5043348378
-0.2328578575,-1.5043798604
-0.2329028800,-1.5044248829
-0.2329479025,-1.5044699054
-0.2329929250,-1.5045149279
-0.2330829701,-1.5045149279
-0.2331730151,-1.5045149279
-0.2332180376,-1.5044699054
-0.2332630601,-1.5044248829
-0.2333531051,-1.5044248829
-0.2333981276,-1.5043798604
-0.2334431501,-1.5043348378
-0.2335331952,-1.5043348378
-0.2335782177,-1.5042898153
-0.2336232402,-1.5042447928
-0.2337132852,-1.5042447928
-0.2338033302,-1.5042447928
-0.2338933753,-1.5042447928
-0.2339834203,-1.5042447928
-0.2340284428,-1.5041997703
-0.2340734653,-1.5041547478
-0.2341184878,-1.5041097253
-0.2341184878,-1.5040196803
-0.2340734653,-1.5039746578
-0.2340284428,-1.5039296352
-0.2340284428,-1.5038395902
-0.2340284428,-1.5037495452
-0.2340284428,-1.5036595002
-0.2340734653,-1.5036144777
-0.2341184878,-1.5035694552
-0.2341635103,-1.5035244326
-0.2342085328,-1.5034794101
-0.2342535553,-1.5034343876
-0.2342985779,-1.5033893651
-0.2343436004,-1.5033443426
-0.2343886229,-1.5032993201
-0.2344336454,-1.5032542976
-0.2345236904,-1.5032542976
-0.2346137354,-1.5032542976
-0.2346587580,-1.5032993201
-0.2347037805,-1.5033443426
-0.2347488030,-1.5033893651
-0.2347488030,-1.5034794101
-0.2347938255,-1.5035244326
-0.2348388480,-1.5035694552
-0.2348838705,-1.5036144777
-0.2349288930,-1.5036595002
-0.2349739155,-1.5037045227
-0.2350189380,-1.5037495452
-0.2350639606,-1.5037945677
-0.2351540056,-1.5037945677
-0.2352440506,-1.5037945677
-0.2352890731,-1.5037495452
-0.2353340956,-1.5037045227
-0.2354241406,-1.5037045227
-0.2354691632,-1.5036595002
-0.2355141857,-1.5036144777
-0.2356042307,-1.5036144777
-0.2356492532,-1.5035694552
-0.2356942757,-1.5035244326
-0.2357843207,-1.5035244326
-0.2358743658,-1.5035244326
-0.2359193883,-1.5034794101
-0.2359644108,-1.5034343876
-0.2360094333,-1.5033893651
-0.2360544558,-1.5033443426
-0.2360994783,-1.5032993201
-0.2360994783,-1.5032092751
-0.2360994783,-1.5031192300
-0.2360994783,-1.5030291850
-0.2360994783,-1.5029391400
-0.2361445008,-1.5028941175
-0.2361895233,-1.5028490950
-0.2362345458,-1.5028040725
-0.2362795684,-1.5027590500
-0.2363245909,-1.5027140274
-0.2364146359,-1.5027140274
-0.2365046809,-1.5027140274
-0.2365497034,-1.5027590500
-0.2365947259,-1.5028040725
-0.2366397484,-1.5028490950
-0.2366847710,-1.5028941175
-0.2367297935,-1.5029391400
-0.2367748160,-1.5029841625
-0.2368198385,-1.5030291850
-0.2368648610,-1.5030742075
-0.2369549060,-1.5030742075
-0.2370449510,-1.5030742075
-0.2371349961,-1.5030742075
-0.2372250411,-1.5030742075
-0.2372700636,-1.5030291850
-0.2373150861,-1.5029841625
-0.2374051311,-1.5029841625
-0.2374501536,-1.5029391400
-0.2374951762,-1.5028941175
-0.2375852212,-1.5028941175
-0.2376752662,-1.5028941175
-0.2377202887,-1.5028490950
-0.2377653112,-1.5028040725
-0.2378103337,-1.5027590500
-0.2378553562,-1.5027140274
-0.2379003788,-1.5026690049
-0.2379003788,-1.5025789599
-0.2379003788,-1.5024889149
-0.2379454013,-1.5024438924
-0.2379904238,-1.5023988699
-0.2379904238,-1.5023088248
-0.2380354463,-1.5022638023
-0.2380804688,-1.5022187798
-0.2380804688,-1.5021287348
-0.2381254913,-1.5020837123
-0.2382155363,-1.5020837123
-0.2383055814,-1.5020837123
-0.2383506039,-1.5021287348
-0.2383956264,-1.5021737573
-0.2384856714,-1.5021737573
-0.2385306939,-1.5022187798
-0.2385757164,-1.5022638023
-0.2386207389,-1.5023088248
-0.2386657615,-1.5023538474
-0.2387107840,-1.5023988699
-0.2387558065,-1.5024438924
-0.2388458515,-1.5024438924
-0.2389358965,-1.5024438924
-0.2390259415,-1.5024438924
-0.2390709641,-1.5023988699
-0.2391159866,-1.5023538474
-0.2392060316,-1.5023538474
-0.2392510541,-1.5023088248
-0.2392960766,-1.5022638023
-0.2393861216,-1.5022638023
-0.2394311441,-1.5022187798
-0.2394761667,-1.5021737573
-0.2395211892,-1.5021287348
-0.2395662117,-1.5020837123
-0.2396112342,-1.5020386898
-0.2396112342,-1.5019486447
-0.2396112342,-1.5018585997
-0.2396562567,-1.5018135772
-0.2397012792,-1.5017685547
-0.2397012792,-1.5016785097
-0.2397463017,-1.5016334872
-0.2397913242,-1.5015884647
-0.2397913242,-1.5014984196
-0.2398363467,-1.5014533971
-0.2398813693,-1.5014083746
-0.2399263918,-1.5013633521
-0.2399714143,-1.5014083746
-0.2400164368,-1.5014533971
-0.2401064818,-1.5014533971
-0.2401515043,-1.5014984196
-0.2401965268,-1.5015434421
-0.2402415493,-1.5015884647
-0.2402865719,-1.5016334872
-0.2403315944,-1.5016785097
-0.2403766169,-1.5017235322
-0.2404216394,-1.5017685547
-0.2404666619,-1.5018135772
-0.2405567069,-1.5018135772
-0.2406467519,-1.5018135772
-0.2407367970,-1.5018135772
-0.2407818195,-1.5017685547
-0.2408268420,-1.5017235322
-0.2409168870,-1.5017235322
-0.2410069320,-1.5017235322
-0.2410519545,-1.5016785097
-0.2410969771,-1.5016334872
-0.2411870221,-1.5016334872
-0.2412320446,-1.5015884647
-0.2412320446,-1.5014984196
-0.2412320446,-1.5014083746
-0.2412770671,-1.5013633521
-0.2413220896,-1.5013183296
-0.2413220896,-1.5012282846
-0.2413220896,-1.5011382395
-0.2413671121,-1.5010932170
-0.2414121346,-1.5010481945
-0.2414571572,-1.5010031720
-0.2415472022,-1.5010031720
-0.2416372472,-1.5010031720
-0.2416822697,-1.5010481945
-0.2417272922,-1.5010932170
-0.2417723147,-1.5011382395
-0.2418173372,-1.5011832621
-0.2418623598,-1.5012282846
-0.2419073823,-1.5012733071
-0.2419974273,-1.5012733071
-0.2420874723,-1.5012733071
-0.2421775173,-1.5012733071
-0.2422675624,-1.5012733071
-0.2423125849,-1.5012282846
-0.2423576074,-1.5011832621
-0.2424476524,-1.5011832621
-0.2424926749,-1.5011382395
-0.2425376974,-1.5010932170
-0.2426277424,-1.5010932170
-0.2426727650,-1.5010481945
-0.2427177875,-1.5010031720
-0.2427628100,-1.5009581495
-0.2427628100,-1.5008681045
-0.2427628100,-1.5007780595
-0.2428078325,-1.5007330369
-0.2428528550,-1.5006880144
-0.2428528550,-1.5005979694
-0.2428978775,-1.5005529469
-0.2429879225,-1.5005529469
-0.2430779676,-1.5005529469
-0.2431229901,-1.5005979694
-0.2431680126,-1.5006429919
-0.2432130351,-1.5006880144
-0.2432580576,-1.5007330369
-0.2433481026,-1.5007330369
-0.2434381476,-1.5007330369
-0.2435281927,-1.5007330369
-0.2436182377,-1.5007330369
-0.2437082827,-1.5007330369
-0.2437533052,-1.5006880144
-0.2437983277,-1.5006429919
-0.2438883728,-1.5006429919
-0.2439333953,-1.5005979694
-0.2439784178,-1.5005529469
-0.2440234403,-1.5005079244
-0.2440234403,-1.5004178794
-0.2440684628,-1.5003728569
-0.2441134853,-1.5003278343
-0.2441134853,-1.5002377893
-0.2441585078,-1.5001927668
-0.2442035303,-1.5001477443
-0.2442485528,-1.5001027218
-0.2442935754,-1.5000576993
-0.2443385979,-1.5000126768
-0.2444286429,-1.5000126768
-0.2444736654,-1.5000576993
-0.2445186879,-1.5001027218
-0.2446087329,-1.5001027218
-0.2446537554,-1.5001477443
-0.2446987780,-1.5001927668
-0.2447888230,-1.5001927668
-0.2448788680,-1.5001927668
-0.2449689130,-1.5001927668
-0.2450589581,-1.5001927668
-0.2451490031,-1.5001927668
-0.2451940256,-1.5001477443
-0.2452390481,-1.5001027218
-0.2452840706,-1.5000576993
-0.2453290931,-1.5000126768
-0.2453741156,-1.4999676543
-0.2454191381,-1.4999226317
-0.2454641607,-1.4998776092
-0.2454641607,-1.4997875642
-0.2455091832,-1.4997425417
-0.2455542057,-1.4996975192
-0.2455992282,-1.4996524967
-0.2456892732,-1.4996524967
-0.2457793182,-1.4996524967
-0.2458243407,-1.4996975192
-0.2458693633,-1.4997425417
-0.2459594083,-1.4997425417
-0.2460494533,-1.4997425417
-0.2461394983,-1.4997425417
-0.2462295433,-1.4997425417
-0.2463195884,-1.4997425417
-0.2464096334,-1.4997425417
-0.2464546559,-1.4996975192
-0.2464996784,-1.4996524967
-0.2465447009,-1.4996074742
-0.2465447009,-1.4995174291
-0.2465897234,-1.4994724066
-0.2466347459,-1.4994273841
-0.2466347459,-1.4993373391
-0.2466797685,-1.4992923166
-0.2467247910,-1.4992472941
-0.2467247910,-1.4991572491
-0.2467698135,-1.4991122265
-0.2468598585,-1.4991122265
-0.2469048810,-1.4991572491
-0.2469499035,-1.4992022716
-0.2470399485,-1.4992022716
-0.2470849711,-1.4992472941
-0.2471299936,-1.4992923166
-0.2472200386,-1.4992923166
-0.2473100836,-1.4992923166
-0.2474001286,-1.4992923166
-0.2474901737,-1.4992923166
-0.2475802187,-1.4992923166
-0.2476252412,-1.4992472941
-0.2476702637,-1.4992022716
-0.2477152862,-1.4991572491
-0.2477603087,-1.4991122265
-0.2478053312,-1.4990672040
-0.2478053312,-1.4989771590
-0.2478503537,-1.4989321365
-0.2478953763,-1.4988871140
-0.2479403988,-1.4988420915
-0.2480304438,-1.4988420915
-0.2481204888,-1.4988420915
-0.2482105338,-1.4988420915
-0.2482555563,-1.4988871140
-0.2483005789,-1.4989321365
-0.2483906239,-1.4989321365
-0.2484806689,-1.4989321365
-0.2485256914,-1.4988871140
-0.2485707139,-1.4988420915
-0.2486607590,-1.4988420915
-0.2487057815,-1.4987970690
-0.2487508040,-1.4987520465
-0.2488408490,-1.4987520465
-0.2488858715,-1.4987070239
-0.2488858715,-1.4986169789
-0.2489308940,-1.4985719564
-0.2489759165,-1.4985269339
-0.2490209390,-1.4984819114
-0.2491109841,-1.4984819114
-0.2492010291,-1.4984819114
-0.2492910741,-1.4984819114
-0.2493360966,-1.4985269339
-0.2493811191,-1.4985719564
-0.2494711642,-1.4985719564
-0.2495612092,-1.4985719564
-0.2496062317,-1.4985269339
-0.2496512542,-1.4984819114
-0.2497412992,-1.4984819114
-0.2497863217,-1.4984368889
-0.2498313442,-1.4983918664
-0.2498763668,-1.4983468438
-0.2498763668,-1.4982567988
-0.2499213893,-1.4982117763
-0.2499664118,-1.4981667538
-0.2500114343,-1.4981217313
-0.2501014793,-1.4981217313
-0.2501915243,-1.4981217313
-0.2502815694,-1.4981217313
-0.2503265919,-1.4981667538
-0.2503716144,-1.4982117763
-0.2504616594,-1.4982117763
-0.2505066819,-1.4981667538
-0.2505517044,-1.4981217313
-0.2506417494,-1.4981217313
-0.2507317945,-1.4981217313
-0.2507768170,-1.4980767088
-0.2508218395,-1.4980316863
-0.2508668620,-1.4979866638
-0.2508668620,-1.4978966187
-0.2509118845,-1.4978515962
-0.2509569070,-1.4978065737
-0.2510019295,-1.4977615512
-0.2510919746,-1.4977615512
-0.2511820196,-1.4977615512
-0.2512720646,-1.4977615512
-0.2513621096,-1.4977615512
-0.2514521546,-1.4977615512
-0.2515421997,-1.4977615512
-0.2516322447,-1.4977615512
-0.2516772672,-1.4977165287
-0.2517222897,-1.4976715062
-0.2517673122,-1.4976264837
-0.2518123347,-1.4975814612
-0.2518573573,-1.4975364386
-0.2519023798,-1.4974914161
-0.2519474023,-1.4974463936
-0.2519924248,-1.4974013711
-0.2520824698,-1.4974013711
-0.2521274923,-1.4974463936
-0.2521725148,-1.4974914161
-0.2522625599,-1.4974914161
-0.2523526049,-1.4974914161
-0.2523976274,-1.4974463936
-0.2524426499,-1.4974013711
-0.2525326949,-1.4974013711
-0.2525777174,-1.4973563486
-0.2526227399,-1.4973113261
-0.2526677625,-1.4972663036
-0.2527127850,-1.4972212811
-0.2527578075,-1.4971762586
-0.2528028300,-1.4971312360
-0.2528928750,-1.4971312360
-0.2529829200,-1.4971312360
-0.2530729651,-1.4971312360
-0.2531630101,-1.4971312360
-0.2532530551,-1.4971312360
-0.2533431001,-1.4971312360
-0.2533881226,-1.4970862135
-0.2534331451,-1.4970411910
-0.2534781677,-1.4969961685
-0.2535231902,-1.4969511460
-0.2535682127,-1.4969061235
-0.2536132352,-1.4968611010
-0.2537032802,-1.4968611010
-0.2537933252,-1.4968611010
-0.2538833703,-1.4968611010
-0.2539734153,-1.4968611010
-0.2540634603,-1.4968611010
-0.2541084828,-1.4968160785
-0.2541535053,-1.4967710560
-0.2541985278,-1.4967260334
-0.2542435503,-1.4966810109
-0.2542885729,-1.4966359884
-0.2543335954,-1.4965909659
-0.2543786179,-1.4965459434
-0.2544236404,-1.4965009209
-0.2545136854,-1.4965009209
-0.2546037304,-1.4965009209
-0.2546937755,-1.4965009209
-0.2547838205,-1.4965009209
-0.2548738655,-1.4965009209
-0.2549188880,-1.4964558984
-0.2549639105,-1.4964108759
-0.2550539555,-1.4964108759
-0.2550989781,-1.4963658534
-0.2551440006,-1.4963208308
-0.2551890231,-1.4962758083
-0.2552340456,-1.4962307858
-0.2553240906,-1.4962307858
-0.2554141356,-1.4962307858
-0.2555041807,-1.4962307858
-0.2555492032,-1.4961857633
-0.2555942257,-1.4961407408
-0.2556842707,-1.4961407408
-0.2557292932,-1.4960957183
-0.2557743157,-1.4960506958
-0.2558193382,-1.4960056733
-0.2558643608,-1.4959606508
-0.2559544058,-1.4959606508
-0.2560444508,-1.4959606508
-0.2561344958,-1.4959606508
-0.2562245408,-1.4959606508
-0.2563145859,-1.4959606508
-0.2563596084,-1.4959156282
-0.2564046309,-1.4958706057
-0.2564946759,-1.4958706057
-0.2565396984,-1.4958255832
-0.2565847209,-1.4957805607
-0.2566747660,-1.4957805607
-0.2567648110,-1.4957805607
-0.2568548560,-1.4957805607
-0.2568998785,-1.4957355382
-0.2569449010,-1.4956905157
-0.2570349460,-1.4956905157
-0.2570799686,-1.4956454932
-0.2571249911,-1.4956004707
-0.2571700136,-1.4955554482
-0.2572150361,-1.4955104256
-0.2573050811,-1.4955104256
-0.2573951261,-1.4955104256
-0.2574401486,-1.4954654031
-0.2574851712,-1.4954203806
-0.2575752162,-1.4954203806
-0.2576652612,-1.4954203806
-0.2577102837,-1.4953753581
-0.2577553062,-1.4953303356
-0.2578453512,-1.4953303356
-0.2578903738,-1.4952853131
-0.2579353963,-1.4952402906
-0.2580254413,-1.4952402906
-0.2581154863,-1.4952402906
-0.2582055313,-1.4952402906
-0.2582505538,-1.4951952681
-0.2582955764,-1.4951502455
-0.2583856214,-1.4951502455
-0.2584306439,-1.4951052230
-0.2584756664,-1.4950602005
-0.2585657114,-1.4950602005
-0.2586557564,-1.4950602005
-0.2587007790,-1.4950151780
-0.2587458015,-1.4949701555
-0.2588358465,-1.4949701555
-0.2589258915,-1.4949701555
-0.2589709140,-1.4949251330
-0.2590159365,-1.4948801105
-0.2591059816,-1.4948801105
-0.2591960266,-1.4948801105
-0.2592410491,-1.4948350880
-0.2592860716,-1.4947900655
-0.2593761166,-1.4947900655
-0.2594661617,-1.4947900655
-0.2595111842,-1.4947450429
-0.2595562067,-1.4947000204
-0.2596462517,-1.4947000204
-0.2597362967,-1.4947000204
-0.2597813192,-1.4946549979
-0.2598263417,-1.4946099754
-0.2599163868,-1.4946099754
-0.2600064318,-1.4946099754
-0.2600514543,-1.4945649529
-0.2600964768,-1.4945199304
-0.2601865218,-1.4945199304
-0.2602765669,-1.4945199304
-0.2603215894,-1.4944749079
-0.2603666119,-1.4944298854
-0.2604566569,-1.4944298854
-0.2605016794,-1.4943848629
-0.2605467019,-1.4943398403
-0.2606367469,-1.4943398403
-0.2607267920,-1.4943398403
-0.2607718145,-1.4942948178
-0.2608168370,-1.4942497953
-0.2609068820,-1.4942497953
-0.2609969270,-1.4942497953
-0.2610419495,-1.4942047728
-0.2610869721,-1.4941597503
-0.2611770171,-1.4941597503
-0.2612220396,-1.4941147278
-0.2612670621,-1.4940697053
-0.2613571071,-1.4940697053
-0.2614471521,-1.4940697053
-0.2614921747,-1.4940246828
-0.2615371972,-1.4939796603
-0.2616272422,-1.4939796603
-0.2616722647,-1.4939346377
-0.2617172872,-1.4938896152
-0.2618073322,-1.4938896152
-0.2618973773,-1.4938896152
-0.2619423998,-1.4938445927
-0.2619874223,-1.4937995702
-0.2620774673,-1.4937995702
-0.2621224898,-1.4937545477
-0.2621675123,-1.4937095252
-0.2622575574,-1.4937095252
-0.2623476024,-1.4937095252
-0.2623926249,-1.4936645027
-0.2624376474,-1.4936194802
-0.2625276924,-1.4936194802
-0.2626177374,-1.4936194802
-0.2626627600,-1.4935744577
-0.2627077825,-1.4935294351
-0.2627978275,-1.4935294351
-0.2628878725,-1.4935294351
-0.2629328950,-1.4934844126
-0.2629779175,-1.4934393901
-0.2630679626,-1.4934393901
-0.2631580076,-1.4934393901
-0.2632030301,-1.4933943676
-0.2632480526,-1.4933493451
-0.2633380976,-1.4933493451
-0.2633831201,-1.4933043226
-0.2634281426,-1.4932593001
-0.2635181877,-1.4932593001
-0.2636082327,-1.4932593001
-0.2636532552,-1.4932142776
-0.2636982777,-1.4931692551
-0.2637883227,-1.4931692551
-0.2638333452,-1.4931242325
-0.2638783678,-1.4930792100
-0.2639684128,-1.4930792100
-0.2640584578,-1.4930792100
-0.2641034803,-1.4930341875
-0.2641485028,-1.4929891650
-0.2642385478,-1.4929891650
-0.2642835704,-1.4929441425
-0.2643285929,-1.4928991200
-0.2644186379,-1.4928991200
-0.2645086829,-1.4928991200
-0.2645537054,-1.4928540975
-0.2645987279,-1.4928090750
-0.2646887730,-1.4928090750
-0.2647788180,-1.4928090750
-0.2648238405,-1.4927640525
-0.2648688630,-1.4927190299
-0.2649589080,-1.4927190299
-0.2650489530,-1.4927190299
-0.2650939756,-1.4926740074
-0.2651389981,-1.4926289849
-0.2652290431,-1.4926289849
-0.2653190881,-1.4926289849
-0.2653641106,-1.4925839624
-0.2654091331,-1.4925389399
-0.2654991782,-1.4925389399
-0.2655892232,-1.4925389399
-0.2656342457,-1.4924939174
-0.2656792682,-1.4924488949
-0.2657693132,-1.4924488949
-0.2658143357,-1.4924038724
-0.2658593583,-1.4923588499
-0.2659494033,-1.4923588499
-0.2660394483,-1.4923588499
-0.2660844708,-1.4923138273
-0.2661294933,-1.4922688048
-0.2662195383,-1.4922688048
-0.2662645609,-1.4922237823
-0.2663095834,-1.4921787598
-0.2663996284,-1.4921787598
-0.2664896734,-1.4921787598
-0.2665346959,-1.4921337373
-0.2665797184,-1.4920887148
-0.2666697635,-1.4920887148
-0.2667147860,-1.4920436923
-0.2667598085,-1.4919986698
-0.2668498535,-1.4919986698
-0.2669398985,-1.4919986698
-0.2669849210,-1.4919536473
-0.2670299435,-1.4919086247
-0.2671199886,-1.4919086247
-0.2672100336,-1.4919086247
-0.2672550561,-1.4918636022
-0.2673000786,-1.4918185797
-0.2673901236,-1.4918185797
-0.2674801687,-1.4918185797
-0.2675251912,-1.4917735572
-0.2675702137,-1.4917285347
-0.2676602587,-1.4917285347
-0.2677503037,-1.4917285347
-0.2677953262,-1.4916835122
-0.2678403487,-1.4916384897
-0.2679303938,-1.4916384897
-0.2680204388,-1.4916384897
-0.2680654613,-1.4915934672
-0.2681104838,-1.4915484446
-0.2682005288,-1.4915484446
-0.2682905739,-1.4915484446
-0.2683355964,-1.4915034221
-0.2683806189,-1.4914583996
-0.2684706639,-1.4914583996
-0.2685156864,-1.4914133771
-0.2685607089,-1.4913683546
-0.2686507539,-1.4913683546
-0.2687407990,-1.4913683546
-0.2687858215,-1.4913233321
-0.2688308440,-1.4912783096
-0.2689208890,-1.4912783096
-0.2689659115,-1.4912332871
-0.2690109340,-1.4911882646
-0.2691009791,-1.4911882646
-0.2691460016,-1.4911432420
-0.2691910241,-1.4910982195
-0.2692810691,-1.4910982195
-0.2693711141,-1.4910982195
-0.2694161366,-1.4910531970
-0.2694611592,-1.4910081745
-0.2695512042,-1.4910081745
-0.2696412492,-1.4910081745
-0.2696862717,-1.4909631520
-0.2697312942,-1.4909181295
-0.2698213392,-1.4909181295
-0.2698663618,-1.4908731070
-0.2699113843,-1.4908280845
-0.2700014293,-1.4908280845
-0.2700914743,-1.4908280845
-0.2701364968,-1.4907830620
-0.2701815193,-1.4907380394
-0.2702715644,-1.4907380394
-0.2703165869,-1.4906930169
-0.2703616094,-1.4906479944
-0.2704516544,-1.4906479944
-0.2705416994,-1.4906479944
-0.2705867219,-1.4906029719
-0.2706317444,-1.4905579494
-0.2707217895,-1.4905579494
-0.2708118345,-1.4905579494
-0.2708568570,-1.4905129269
-0.2709018795,-1.4904679044
-0.2709919245,-1.4904679044
-0.2710369470,-1.4904228819
-0.2710819696,-1.4903778594
-0.2711720146,-1.4903778594
-0.2712620596,-1.4903778594
-0.2713070821,-1.4903328368
-0.2713521046,-1.4902878143
-0.2714421496,-1.4902878143
-0.2715321947,-1.4902878143
-0.2715772172,-1.4902427918
-0.2716222397,-1.4901977693
-0.2717122847,-1.4901977693
-0.2718023297,-1.4901977693
-0.2718473522,-1.4901527468
-0.2718923748,-1.4901077243
-0.2719824198,-1.4901077243
-0.2720274423,-1.4900627018
-0.2720724648,-1.4900176793
-0.2721625098,-1.4900176793
-0.2722525548,-1.4900176793
-0.2722975774,-1.4899726568
-0.2723425999,-1.4899276342
-0.2724326449,-1.4899276342
-0.2724776674,-1.4898826117
-0.2725226899,-1.4898375892
-0.2726127349,-1.4898375892
-0.2727027800,-1.4898375892
-0.2727478025,-1.4897925667
-0.2727928250,-1.4897475442
-0.2728828700,-1.4897475442
-0.2729278925,-1.4897025217
-0.2729729150,-1.4896574992
-0.2730629601,-1.4896574992
-0.2731079826,-1.4896124767
-0.2731530051,-1.4895674542
-0.2732430501,-1.4895674542
-0.2733330951,-1.4895674542
-0.2733781176,-1.4895224316
-0.2734231401,-1.4894774091
-0.2735131852,-1.4894774091
-0.2736032302,-1.4894774091
-0.2736482527,-1.4894323866
-0.2736932752,-1.4893873641
-0.2737833202,-1.4893873641
-0.2738283427,-1.4893423416
-0.2738733653,-1.4892973191
-0.2739634103,-1.4892973191
-0.2740084328,-1.4892522966
-0.2740534553,-1.4892072741
-0.2741435003,-1.4892072741
-0.2742335453,-1.4892072741
-0.2742785679,-1.4891622516
-0.2743235904,-1.4891172290
-0.2744136354,-1.4891172290
-0.2745036804,-1.4891172290
-0.2745487029,-1.4890722065
-0.2745937254,-1.4890271840
-0.2746387479,-1.4889821615
-0.2746837705,-1.4889371390
-0.2747738155,-1.4889371390
-0.2748188380,-1.4888921165
-0.2748638605,-1.4888470940
-0.2749088830,-1.4888020715
-0.2749539055,-1.4887570490
-0.2750439505,-1.4887570490
-0.2750889731,-1.4887120264
-0.2751339956,-1.4886670039
-0.2752240406,-1.4886670039
-0.2753140856,-1.4886670039
-0.2754041306,-1.4886670039
-0.2754491531,-1.4886219814
-0.2754941757,-1.4885769589
-0.2755391982,-1.4885319364
-0.2755842207,-1.4884869139
-0.2756292432,-1.4884418914
-0.2755842207,-1.4883968689
-0.2754941757,-1.4883968689
-0.2754041306,-1.4883968689
-0.2753591081,-1.4884418914
-0.2753140856,-1.4884869139
-0.2752240406,-1.4884869139
-0.2751790181,-1.4885319364
-0.2751339956,-1.4885769589
-0.2750439505,-1.4885769589
-0.2749539055,-1.4885769589
-0.2749088830,-1.4886219814
-0.2748638605,-1.4886670039
-0.2747738155,-1.4886670039
-0.2746837705,-1.4886670039
-0.2745937254,-1.4886670039
-0.2745036804,-1.4886670039
-0.2744136354,-1.4886670039
-0.2743235904,-1.4886670039
-0.2742785679,-1.4887120264
-0.2742335453,-1.4887570490
-0.2741435003,-1.4887570490
-0.2740534553,-1.4887570490
-0.2739634103,-1.4887570490
-0.2739183878,-1.4888020715
-0.2738733653,-1.4888470940
-0.2737833202,-1.4888470940
-0.2736932752,-1.4888470940
-0.2736482527,-1.4888921165
-0.2736032302,-1.4889371390
-0.2735131852,-1.4889371390
-0.2734231401,-1.4889371390
-0.2733781176,-1.4889821615
-0.2733330951,-1.4890271840
-0.2732430501,-1.4890271840
-0.2731530051,-1.4890271840
-0.2731079826,-1.4890722065
-0.2730629601,-1.4891172290
-0.2729729150,-1.4891172290
-0.2728828700,-1.4891172290
-0.2727928250,-1.4891172290
-0.2727478025,-1.4891622516
-0.2727027800,-1.4892072741
-0.2726127349,-1.4892072741
-0.2725226899,-1.4892072741
-0.2724326449,-1.4892072741
-0.2723876224,-1.4892522966
-0.2723425999,-1.4892973191
-0.2722525548,-1.4892973191
-0.2721625098,-1.4892973191
-0.2721174873,-1.4893423416
-0.2720724648,-1.4893873641
-0.2719824198,-1.4893873641
-0.2718923748,-1.4893873641
-0.2718473522,-1.4894323866
-0.2718023297,-1.4894774091
-0.2717122847,-1.4894774091
-0.2716222397,-1.4894774091
-0.2715321947,-1.4894774091
-0.2714871722,-1.4895224316
-0.2714421496,-1.4895674542
-0.2713521046,-1.4895674542
-0.2712620596,-1.4895674542
-0.2712170371,-1.4896124767
-0.2711720146,-1.4896574992
-0.2710819696,-1.4896574992
-0.2709919245,-1.4896574992
-0.2709469020,-1.4897025217
-0.2709018795,-1.4897475442
-0.2708118345,-1.4897475442
-0.2707217895,-1.4897475442
-0.2706767670,-1.4897925667
-0.2706317444,-1.4898375892
-0.2705416994,-1.4898375892
-0.2704516544,-1.4898375892
-0.2704066319,-1.4898826117
-0.2703616094,-1.4899276342
-0.2702715644,-1.4899276342
-0.2701815193,-1.4899276342
-0.2700914743,-1.4899276342
-0.2700464518,-1.4899726568
-0.2700014293,-1.4900176793
-0.2699113843,-1.4900176793
-0.2698213392,-1.4900176793
-0.2697312942,-1.4900176793
-0.2696862717,-1.4900627018
-0.2696412492,-1.4901077243
-0.2695512042,-1.4901077243
-0.2694611592,-1.4901077243
-0.2694161366,-1.4901527468
-0.2693711141,-1.4901977693
-0.2692810691,-1.4901977693
-0.2691910241,-1.4901977693
-0.2691460016,-1.4902427918
-0.2691009791,-1.4902878143
-0.2690109340,-1.4902878143
-0.2689208890,-1.4902878143
-0.2688758665,-1.4903328368
-0.2688308440,-1.4903778594
-0.2687407990,-1.4903778594
-0.2686507539,-1.4903778594
-0.2685607089,-1.4903778594
-0.2685156864,-1.4904228819
-0.2684706639,-1.4904679044
-0.2683806189,-1.4904679044
-0.2682905739,-1.4904679044
-0.2682455513,-1.4905129269
-0.2682005288,-1.4905579494
-0.2681104838,-1.4905579494
-0.2680204388,-1.4905579494
-0.2679303938,-1.4905579494
-0.2678853713,-1.4906029719
-0.2678403487,-1.4906479944
-0.2677503037,-1.4906479944
-0.2676602587,-1.4906479944
-0.2675702137,-1.4906479944
-0.2675251912,-1.4906930169
-0.2674801687,-1.4907380394
-0.2673901236,-1.4907380394
-0.2673000786,-1.4907380394
-0.2672550561,-1.4907830620
-0.2672100336,-1.4908280845
-0.2671199886,-1.4908280845
-0.2670299435,-1.4908280845
-0.2669398985,-1.4908280845
-0.2668948760,-1.4908731070
-0.2668498535,-1.4909181295
-0.2667598085,-1.4909181295
-0.2666697635,-1.4909181295
-0.2666247409,-1.4909631520
-0.2665797184,-1.4910081745
-0.2664896734,-1.4910081745
-0.2663996284,-1.4910081745
-0.2663095834,-1.4910081745
-0.2662645609,-1.4910531970
-0.2662195383,-1.4910982195
-0.2661294933,-1.4910982195
-0.2660394483,-1.4910982195
-0.2659944258,-1.4911432420
-0.2659494033,-1.4911882646
-0.2658593583,-1.4911882646
-0.2657693132,-1.4911882646
-0.2657242907,-1.4912332871
-0.2656792682,-1.4912783096
-0.2655892232,-1.4912783096
-0.2654991782,-1.4912783096
-0.2654541556,-1.4913233321
-0.2654091331,-1.4913683546
-0.2653190881,-1.4913683546
-0.2652290431,-1.4913683546
-0.2651389981,-1.4913683546
-0.2650489530,-1.4913683546
-0.2650039305,-1.4914133771
-0.2649589080,-1.4914583996
-0.2648688630,-1.4914583996
-0.2647788180,-1.4914583996
-0.2647337955,-1.4915034221
-0.2646887730,-1.4915484446
-0.2645987279,-1.4915484446
-0.2645086829,-1.4915484446
-0.2644186379,-1.4915484446
-0.2643736154,-1.4915934672
-0.2643285929,-1.4916384897
-0.2642385478,-1.4916384897
-0.2641485028,-1.4916384897
-0.2640584578,-1.4916384897
-0.2640134353,-1.4916835122
-0.2639684128,-1.4917285347
-0.2638783678,-1.4917285347
-0.2637883227,-1.4917285347
-0.2636982777,-1.4917285347
-0.2636532552,-1.4917735572
-0.2636082327,-1.4918185797
-0.2635181877,-1.4918185797
-0.2634281426,-1.4918185797
-0.2633380976,-1.4918185797
-0.2632930751,-1.4918636022
-0.2632480526,-1.4919086247
-0.2631580076,-1.4919086247
-0.2630679626,-1.4919086247
-0.2630229400,-1.4919536473
-0.2629779175,-1.4919986698
-0.2628878725,-1.4919986698
-0.2627978275,-1.4919986698
-0.2627077825,-1.4919986698
-0.2626177374,-1.4919986698
-0.2625727149,-1.4920436923
-0.2625276924,-1.4920887148
-0.2624376474,-1.4920887148
-0.2623476024,-1.4920887148
-0.2622575574,-1.4920887148
-0.2622125348,-1.4921337373
-0.2621675123,-1.4921787598
-0.2620774673,-1.4921787598
-0.2619874223,-1.4921787598
-0.2618973773,-1.4921787598
-0.2618523547,-1.4922237823
-0.2618073322,-1.4922688048
-0.2617172872,-1.4922688048
-0.2616272422,-1.4922688048
-0.2615371972,-1.4922688048
-0.2614471521,-1.4922688048
-0.2614021296,-1.4923138273
-0.2613571071,-1.4923588499
-0.2612670621,-1.4923588499
-0.2611770171,-1.4923588499
-0.2610869721,-1.4923588499
-0.2610419495,-1.4924038724
-0.2609969270,-1.4924488949
-0.2609068820,-1.4924488949
-0.2608168370,-1.4924488949
-0.2607718145,-1.4924939174
-0.2607267920,-1.4925389399
-0.2606367469,-1.4925389399
-0.2605467019,-1.4925389399
-0.2604566569,-1.4925389399
-0.2603666119,-1.4925389399
-0.2603215894,-1.4925839624
-0.2602765669,-1.4926289849
-0.2601865218,-1.4926289849
-0.2600964768,-1.4926289849
-0.2600064318,-1.4926289849
-0.2599614093,-1.4926740074
-0.2599163868,-1.4927190299
-0.2598263417,-1.4927190299
-0.2597362967,-1.4927190299
-0.2596462517,-1.4927190299
-0.2596012292,-1.4927640525
-0.2595562067,-1.4928090750
-0.2594661617,-1.4928090750
-0.2593761166,-1.4928090750
-0.2592860716,-1.4928090750
-0.2591960266,-1.4928090750
-0.2591059816,-1.4928090750
-0.2590609591,-1.4928540975
-0.2590159365,-1.4928991200
-0.2589258915,-1.4928991200
-0.2588358465,-1.4928991200
-0.2587908240,-1.4929441425
-0.2587458015,-1.4929891650
-0.2586557564,-1.4929891650
-0.2585657114,-1.4929891650
-0.2584756664,-1.4929891650
-0.2584306439,-1.4930341875
-0.2583856214,-1.4930792100
-0.2582955764,-1.4930792100
-0.2582055313,-1.4930792100
-0.2581154863,-1.4930792100
-0.2580704638,-1.4931242325
-0.2580254413,-1.4931692551
-0.2579353963,-1.4931692551
-0.2578453512,-1.4931692551
-0.2577553062,-1.4931692551
-0.2577102837,-1.4932142776
-0.2576652612,-1.4932593001
-0.2575752162,-1.4932593001
-0.2574851712,-1.4932593001
-0.2573951261,-1.4932593001
-0.2573050811,-1.4932593001
-0.2572600586,-1.4933043226
-0.2572150361,-1.4933493451
-0.2571249911,-1.4933493451
-0.2570349460,-1.4933493451
-0.2569449010,-1.4933493451
-0.2568548560,-1.4933493451
-0.2567648110,-1.4933493451
-0.2566747660,-1.4933493451
-0.2566297434,-1.4933943676
-0.2565847209,-1.4934393901
-0.2564946759,-1.4934393901
-0.2564046309,-1.4934393901
-0.2563145859,-1.4934393901
-0.2562245408,-1.4934393901
-0.2561344958,-1.4934393901
-0.2560894733,-1.4934844126
-0.2560444508,-1.4935294351
-0.2559544058,-1.4935294351
-0.2558643608,-1.4935294351
-0.2558193382,-1.4935744577
-0.2557743157,-1.4936194802
-0.2556842707,-1.4936194802
-0.2555942257,-1.4936194802
-0.2555041807,-1.4936194802
-0.2554141356,-1.4936194802
-0.2553691131,-1.4936645027
-0.2553240906,-1.4937095252
-0.2552340456,-1.4937095252
-0.2551890231,-1.4937545477
-0.2551440006,-1.4937995702
-0.2550539555,-1.4937995702
-0.2549639105,-1.4937995702
-0.2548738655,-1.4937995702
-0.2547838205,-1.4937995702
-0.2546937755,-1.4937995702
-0.2546037304,-1.4937995702
-0.2545587079,-1.4938445927
-0.2545136854,-1.4938896152
-0.2544236404,-1.4938896152
-0.2543786179,-1.4939346377
-0.2543335954,-1.4939796603
-0.2542435503,-1.4939796603
-0.2541535053,-1.4939796603
-0.2540634603,-1.4939796603
-0.2539734153,-1.4939796603
-0.2538833703,-1.4939796603
-0.2537933252,-1.4939796603
-0.2537032802,-1.4939796603
-0.2536132352,-1.4939796603
-0.2535682127,-1.4940246828
-0.2535231902,-1.4940697053
-0.2534331451,-1.4940697053
-0.2533431001,-1.4940697053
-0.2532530551,-1.4940697053
-0.2531630101,-1.4940697053
-0.2530729651,-1.4940697053
-0.2529829200,-1.4940697053
-0.2529378975,-1.4941147278
-0.2528928750,-1.4941597503
-0.2528028300,-1.4941597503
-0.2527578075,-1.4942047728
-0.2527127850,-1.4942497953
-0.2526227399,-1.4942497953
-0.2525326949,-1.4942497953
-0.2524426499,-1.4942497953
-0.2523526049,-1.4942497953
-0.2523075824,-1.4942047728
-0.2522625599,-1.4941597503
-0.2522175373,-1.4942047728
-0.2521725148,-1.4942497953
-0.2520824698,-1.4942497953
-0.2520374473,-1.4942948178
-0.2519924248,-1.4943398403
-0.2519023798,-1.4943398403
-0.2518573573,-1.4943848629
-0.2518123347,-1.4944298854
-0.2517222897,-1.4944298854
-0.2516322447,-1.4944298854
-0.2515872222,-1.4943848629
-0.2515421997,-1.4943398403
-0.2514521546,-1.4943398403
-0.2513621096,-1.4943398403
-0.2512720646,-1.4943398403
-0.2512270421,-1.4943848629
-0.2511820196,-1.4944298854
-0.2511369971,-1.4944749079
-0.2510919746,-1.4945199304
-0.2510469520,-1.4945649529
-0.2510019295,-1.4946099754
-0.2509118845,-1.4946099754
-0.2508218395,-1.4946099754
-0.2507317945,-1.4946099754
-0.2506417494,-1.4946099754
-0.2505967269,-1.4945649529
-0.2505517044,-1.4945199304
-0.2504616594,-1.4945199304
-0.2503716144,-1.4945199304
-0.2502815694,-1.4945199304
-0.2502365468,-1.4945649529
-0.2501915243,-1.4946099754
-0.2501014793,-1.4946099754
-0.2500564568,-1.4946549979
-0.2500114343,-1.4947000204
-0.2499664118,-1.4947450429
-0.2499213893,-1.4947900655
-0.2498313442,-1.4947900655
-0.2497412992,-1.4947900655
-0.2496962767,-1.4947450429
-0.2496512542,-1.4947000204
-0.2495612092,-1.4947000204
-0.2494711642,-1.4947000204
-0.2493811191,-1.4947000204
-0.2492910741,-1.4947000204
-0.2492010291,-1.4947000204
-0.2491560066,-1.4947450429
-0.2491109841,-1.4947900655
-0.2490659616,-1.4948350880
-0.2490209390,-1.4948801105
-0.2489759165,-1.4949251330
-0.2489308940,-1.4949701555
-0.2488408490,-1.4949701555
-0.2487508040,-1.4949701555
-0.2487057815,-1.4949251330
-0.2486607590,-1.4948801105
-0.2485707139,-1.4948801105
-0.2484806689,-1.4948801105
-0.2483906239,-1.4948801105
-0.2483005789,-1.4948801105
-0.2482105338,-1.4948801105
-0.2481655113,-1.4949251330
-0.2481204888,-1.4949701555
-0.2480304438,-1.4949701555
-0.2479854213,-1.4950151780
-0.2479403988,-1.4950602005
-0.2478953763,-1.4951052230
-0.2478503537,-1.4951502455
-0.2477603087,-1.4951502455
-0.2477152862,-1.4951052230
-0.2476702637,-1.4950602005
-0.2475802187,-1.4950602005
-0.2475351962,-1.4950151780
-0.2474901737,-1.4949701555
-0.2474001286,-1.4949701555
-0.2473100836,-1.4949701555
-0.2472200386,-1.4949701555
-0.2471750161,-1.4950151780
-0.2471299936,-1.4950602005
-0.2470399485,-1.4950602005
-0.2469949260,-1.4951052230
-0.2469499035,-1.4951502455
-0.2469048810,-1.4951952681
-0.2468598585,-1.4952402906
-0.2468148360,-1.4952853131
-0.2467698135,-1.4953303356
-0.2466797685,-1.4953303356
-0.2465897234,-1.4953303356
-0.2464996784,-1.4953303356
-0.2464546559,-1.4952853131
-0.2464096334,-1.4952402906
-0.2463195884,-1.4952402906
-0.2462745659,-1.4951952681
-0.2462295433,-1.4951502455
-0.2461394983,-1.4951502455
-0.2460494533,-1.4951502455
-0.2459594083,-1.4951502455
-0.2459143858,-1.4951952681
-0.2458693633,-1.4952402906
-0.2457793182,-1.4952402906
-0.2457342957,-1.4952853131
-0.2456892732,-1.4953303356
-0.2456442507,-1.4953753581
-0.2455992282,-1.4954203806
-0.2455542057,-1.4954654031
-0.2455091832,-1.4955104256
-0.2454641607,-1.4955554482
-0.2454191381,-1.4956004707
-0.2453741156,-1.4955554482
-0.2453290931,-1.4955104256
-0.2452390481,-1.4955104256
-0.2451940256,-1.4954654031
-0.2451490031,-1.4954203806
-0.2450589581,-1.4954203806
-0.2450139355,-1.4953753581
-0.2449689130,-1.4953303356
-0.2448788680,-1.4953303356
-0.2447888230,-1.4953303356
-0.2446987780,-1.4953303356
-0.2446087329,-1.4953303356
-0.2445637104,-1.4953753581
-0.2445186879,-1.4954203806
-0.2444286429,-1.4954203806
-0.2443836204,-1.4954654031
-0.2443385979,-1.4955104256
-0.2442935754,-1.4955554482
-0.2442935754,-1.4956454932
-0.2442485528,-1.4956905157
-0.2442035303,-1.4957355382
-0.2441585078,-1.4957805607
-0.2440684628,-1.4957805607
-0.2440234403,-1.4957355382
-0.2439784178,-1.4956905157
-0.2438883728,-1.4956905157
-0.2438433502,-1.4956454932
-0.2437983277,-1.4956004707
-0.2437082827,-1.4956004707
-0.2436632602,-1.4955554482
-0.2436182377,-1.4955104256
-0.2435281927,-1.4955104256
-0.2434381476,-1.4955104256
-0.2433931251,-1.4955554482
-0.2433481026,-1.4956004707
-0.2432580576,-1.4956004707
-0.2431680126,-1.4956004707
-0.2431229901,-1.4956454932
-0.2430779676,-1.4956905157
-0.2430329450,-1.4957355382
-0.2429879225,-1.4957805607
-0.2429429000,-1.4958255832
-0.2428978775,-1.4958706057
-0.2428528550,-1.4959156282
-0.2428078325,-1.4959606508
-0.2427177875,-1.4959606508
-0.2426727650,-1.4959156282
-0.2426277424,-1.4958706057
-0.2425376974,-1.4958706057
-0.2424926749,-1.4958255832
-0.2424476524,-1.4957805607
-0.2424026299,-1.4957355382
-0.2423576074,-1.4956905157
-0.2422675624,-1.4956905157
-0.2421775173,-1.4956905157
-0.2420874723,-1.4956905157
-0.2419974273,-1.4956905157
-0.2419073823,-1.4956905157
-0.2418623598,-1.4957355382
-0.2418173372,-1.4957805607
-0.2417272922,-1.4957805607
-0.2416822697,-1.4958255832
-0.2416372472,-1.4958706057
-0.2415922247,-1.4959156282
-0.2415472022,-1.4959606508
-0.2415021797,-1.4960056733
-0.2414571572,-1.4960506958
-0.2414121346,-1.4960957183
-0.2414121346,-1.4961857633
-0.2413671121,-1.4962307858
-0.2412770671,-1.4962307858
-0.2411870221,-1.4962307858
-0.2411419996,-1.4961857633
-0.2410969771,-1.4961407408
-0.2410519545,-1.4960957183
-0.2410069320,-1.4960506958
-0.2409619095,-1.4960056733
-0.2409168870,-1.4959606508
-0.2408268420,-1.4959606508
-0.2407367970,-1.4959606508
-0.2406467519,-1.4959606508
-0.2405567069,-1.4959606508
-0.2404666619,-1.4959606508
-0.2403766169,-1.4959606508
-0.2402865719,-1.4959606508
-0.2401965268,-1.4959606508
-0.2401515043,-1.4960056733
-0.2401064818,-1.4960506958
-0.2400614593,-1.4960957183
-0.2400164368,-1.4961407408
-0.2399714143,-1.4961857633
-0.2399263918,-1.4962307858
-0.2398813693,-1.4962758083
-0.2398813693,-1.4963658534
-0.2398363467,-1.4964108759
-0.2397463017,-1.4964108759
-0.2396562567,-1.4964108759
-0.2396112342,-1.4963658534
-0.2395662117,-1.4963208308
-0.2395211892,-1.4962758083
-0.2394761667,-1.4962307858
-0.2394311441,-1.4961857633
-0.2393861216,-1.4961407408
-0.2393410991,-1.4960957183
-0.2392960766,-1.4960506958
-0.2392060316,-1.4960506958
-0.2391159866,-1.4960506958
-0.2390259415,-1.4960506958
-0.2389358965,-1.4960506958
-0.2388458515,-1.4960506958
-0.2387558065,-1.4960506958
-0.2386657615,-1.4960506958
-0.2386207389,-1.4960957183
-0.2385757164,-1.4961407408
-0.2385306939,-1.4961857633
-0.2384856714,-1.4962307858
-0.2384406489,-1.4962758083
-0.2383956264,-1.4963208308
-0.2383506039,-1.4963658534
-0.2383055814,-1.4964108759
-0.2382605589,-1.4964558984
-0.2382605589,-1.4965459434
-0.2382155363,-1.4965909659
-0.2381254913,-1.4965909659
-0.2380354463,-1.4965909659
-0.2379454013,-1.4965909659
-0.2379003788,-1.4965459434
-0.2378553562,-1.4965009209
-0.2378103337,-1.4964558984
-0.2377653112,-1.4964108759
-0.2377202887,-1.4963658534
-0.2376752662,-1.4963208308
-0.2376302437,-1.4962758083
-0.2375852212,-1.4962307858
-0.2375401987,-1.4961857633
-0.2374951762,-1.4961407408
-0.2374051311,-1.4961407408
-0.2373150861,-1.4961407408
-0.2372700636,-1.4961857633
-0.2372250411,-1.4962307858
-0.2371349961,-1.4962307858
-0.2370449510,-1.4962307858
-0.2369549060,-1.4962307858
-0.2369098835,-1.4962758083
-0.2368648610,-1.4963208308
-0.2367748160,-1.4963208308
-0.2366847710,-1.4963208308
-0.2366397484,-1.4963658534
-0.2365947259,-1.4964108759
-0.2365497034,-1.4964558984
-0.2365497034,-1.4965459434
-0.2365046809,-1.4965909659
-0.2364596584,-1.4966359884
-0.2364596584,-1.4967260334
-0.2364146359,-1.4967710560
-0.2363696134,-1.4968160785
-0.2363245909,-1.4968611010
-0.2362345458,-1.4968611010
-0.2361895233,-1.4968160785
-0.2361445008,-1.4967710560
-0.2360994783,-1.4967260334
-0.2360544558,-1.4966810109
-0.2360094333,-1.4966359884
-0.2359644108,-1.4965909659
-0.2359193883,-1.4965459434
-0.2358743658,-1.4965009209
-0.2358293432,-1.4964558984
-0.2357843207,-1.4964108759
-0.2357392982,-1.4963658534
-0.2356942757,-1.4963208308
-0.2356042307,-1.4963208308
-0.2355141857,-1.4963208308
-0.2354241406,-1.4963208308
-0.2353340956,-1.4963208308
-0.2352440506,-1.4963208308
-0.2351990281,-1.4963658534
-0.2351540056,-1.4964108759
-0.2350639606,-1.4964108759
-0.2349739155,-1.4964108759
-0.2348838705,-1.4964108759
-0.2347938255,-1.4964108759
-0.2347488030,-1.4964558984
-0.2347037805,-1.4965009209
-0.2346587580,-1.4965459434
-0.2346587580,-1.4966359884
-0.2346137354,-1.4966810109
-0.2345687129,-1.4967260334
-0.2345687129,-1.4968160785
-0.2345236904,-1.4968611010
-0.2344786679,-1.4969061235
-0.2344336454,-1.4969511460
-0.2343886229,-1.4969961685
-0.2343436004,-1.4970411910
-0.2342535553,-1.4970411910
-0.2341635103,-1.4970411910
-0.2341184878,-1.4969961685
-0.2340734653,-1.4969511460
-0.2340284428,-1.4969061235
-0.2340284428,-1.4968160785
-0.2339834203,-1.4967710560
-0.2339383978,-1.4967260334
-0.2339383978,-1.4966359884
-0.2338933753,-1.4965909659
-0.2338483527,-1.4965459434
-0.2338033302,-1.4965009209
-0.2337583077,-1.4964558984
-0.2337132852,-1.4964108759
-0.2336232402,-1.4964108759
-0.2335782177,-1.4964558984
-0.2335331952,-1.4965009209
-0.2334431501,-1.4965009209
-0.2333531051,-1.4965009209
-0.2332630601,-1.4965009209
-0.2331730151,-1.4965009209
-0.2330829701,-1.4965009209
-0.2329929250,-1.4965009209
-0.2329028800,-1.4965009209
-0.2328128350,-1.4965009209
-0.2327227900,-1.4965009209
-0.2326777675,-1.4965459434
-0.2326327449,-1.4965909659
-0.2325877224,-1.4966359884
-0.2325877224,-1.4967260334
-0.2325426999,-1.4967710560
-0.2324976774,-1.4968160785
-0.2324976774,-1.4969061235
-0.2324526549,-1.4969511460
-0.2324076324,-1.4969961685
-0.2324076324,-1.4970862135
-0.2323626099,-1.4971312360
-0.2323175874,-1.4971762586
-0.2322725649,-1.4972212811
-0.2321825198,-1.4972212811
-0.2320924748,-1.4972212811
-0.2320024298,-1.4972212811
-0.2319574073,-1.4971762586
-0.2319123848,-1.4971312360
-0.2318673623,-1.4970862135
-0.2318223397,-1.4970411910
-0.2317773172,-1.4969961685
-0.2317773172,-1.4969061235
-0.2317773172,-1.4968160785
-0.2317322947,-1.4967710560
-0.2316872722,-1.4967260334
-0.2316422497,-1.4966810109
-0.2315972272,-1.4966359884
-0.2315522047,-1.4965909659
-0.2314621597,-1.4965909659
-0.2313721146,-1.4965909659
-0.2312820696,-1.4965909659
-0.2311920246,-1.4965909659
-0.2311019796,-1.4965909659
-0.2310119345,-1.4965909659
-0.2309218895,-1.4965909659
-0.2308318445,-1.4965909659
-0.2307417995,-1.4965909659
-0.2306517544,-1.4965909659
-0.2305617094,-1.4965909659
-0.2304716644,-1.4965909659
-0.2304266419,-1.4966359884
-0.2303816194,-1.4966810109
-0.2303365969,-1.4967260334
-0.2303365969,-1.4968160785
-0.2302915744,-1.4968611010
-0.2302465518,-1.4969061235
-0.2302465518,-1.4969961685
-0.2302465518,-1.4970862135
-0.2302015293,-1.4971312360
-0.2301565068,-1.4971762586
-0.2301565068,-1.4972663036
-0.2301114843,-1.4973113261
-0.2300664618,-1.4973563486
-0.2300214393,-1.4974013711
-0.2299313943,-1.4974013711
-0.2298413492,-1.4974013711
-0.2297963267,-1.4973563486
-0.2297513042,-1.4973113261
-0.2296612592,-1.4973113261
-0.2296162367,-1.4972663036
-0.2295712142,-1.4972212811
-0.2295261917,-1.4971762586
-0.2295261917,-1.4970862135
-0.2295261917,-1.4969961685
-0.2294811692,-1.4969511460
-0.2294361466,-1.4969061235
-0.2294361466,-1.4968160785
-0.2293911241,-1.4967710560
-0.2293461016,-1.4967260334
-0.2293010791,-1.4966810109
-0.2292110341,-1.4966810109
-0.2291209891,-1.4966810109
-0.2290309440,-1.4966810109
-0.2289408990,-1.4966810109
-0.2288508540,-1.4966810109
-0.2288058315,-1.4967260334
-0.2287608090,-1.4967710560
-0.2286707640,-1.4967710560
-0.2285807189,-1.4967710560
-0.2285356964,-1.4967260334
-0.2284906739,-1.4966810109
-0.2284006289,-1.4966810109
-0.2283105839,-1.4966810109
-0.2282205388,-1.4966810109
-0.2281304938,-1.4966810109
-0.2280404488,-1.4966810109
-0.2279954263,-1.4967260334
-0.2279504038,-1.4967710560
-0.2279053813,-1.4968160785
-0.2279053813,-1.4969061235
-0.2278603588,-1.4969511460
-0.2278153362,-1.4969961685
-0.2278153362,-1.4970862135
-0.2278153362,-1.4971762586
-0.2278153362,-1.4972663036
-0.2277703137,-1.4973113261
-0.2277252912,-1.4973563486
-0.2277252912,-1.4974463936
-0.2276802687,-1.4974914161
-0.2276352462,-1.4975364386
-0.2275902237,-1.4975814612
-0.2275001787,-1.4975814612
-0.2274101336,-1.4975814612
-0.2273200886,-1.4975814612
-0.2272750661,-1.4975364386
-0.2272300436,-1.4974914161
-0.2271850211,-1.4974463936
-0.2271399986,-1.4974013711
-0.2270949761,-1.4973563486
-0.2270499535,-1.4973113261
-0.2270049310,-1.4972663036
-0.2270049310,-1.4971762586
-0.2270049310,-1.4970862135
-0.2269599085,-1.4970411910
-0.2269148860,-1.4969961685
-0.2269148860,-1.4969061235
-0.2268698635,-1.4968611010
-0.2268248410,-1.4968160785
-0.2267798185,-1.4967710560
-0.2266897735,-1.4967710560
-0.2265997284,-1.4967710560
-0.2265096834,-1.4967710560
-0.2264196384,-1.4967710560
-0.2263295934,-1.4967710560
-0.2262395483,-1.4967710560
-0.2261945258,-1.4968160785
-0.2261495033,-1.4968611010
-0.2260594583,-1.4968611010
-0.2259694133,-1.4968611010
-0.2258793683,-1.4968611010
-0.2258343457,-1.4968160785
-0.2257893232,-1.4967710560
-0.2256992782,-1.4967710560
-0.2256092332,-1.4967710560
-0.2255191882,-1.4967710560
-0.2254291431,-1.4967710560
-0.2253841206,-1.4968160785
-0.2253390981,-1.4968611010
-0.2252940756,-1.4969061235
-0.2252490531,-1.4969511460
-0.2252040306,-1.4969961685
-0.2252040306,-1.4970862135
-0.2252040306,-1.4971762586
-0.2251590081,-1.4972212811
-0.2251139856,-1.4972663036
-0.2251139856,-1.4973563486
-0.2251139856,-1.4974463936
-0.2250689631,-1.4974914161
-0.2250239405,-1.4975364386
-0.2249789180,-1.4975814612
-0.2249338955,-1.4976264837
-0.2248888730,-1.4976715062
-0.2247988280,-1.4976715062
-0.2247087830,-1.4976715062
-0.2246187379,-1.4976715062
-0.2245737154,-1.4976264837
-0.2245286929,-1.4975814612
-0.2244386479,-1.4975814612
-0.2243936254,-1.4975364386
-0.2243486029,-1.4974914161
-0.2243035804,-1.4974463936
-0.2243035804,-1.4973563486
-0.2243035804,-1.4972663036
-0.2243035804,-1.4971762586
-0.2242585579,-1.4971312360
-0.2242135353,-1.4970862135
-0.2242135353,-1.4969961685
-0.2242135353,-1.4969061235
-0.2241685128,-1.4968611010
-0.2240784678,-1.4968611010
-0.2240334453,-1.4968160785
-0.2239884228,-1.4967710560
-0.2238983778,-1.4967710560
-0.2238083327,-1.4967710560
-0.2237182877,-1.4967710560
-0.2236282427,-1.4967710560
-0.2235832202,-1.4968160785
-0.2235381977,-1.4968611010
-0.2234481526,-1.4968611010
-0.2234031301,-1.4969061235
-0.2233581076,-1.4969511460
-0.2232680626,-1.4969511460
-0.2231780176,-1.4969511460
-0.2230879726,-1.4969511460
-0.2230429500,-1.4969061235
-0.2229979275,-1.4968611010
-0.2229078825,-1.4968611010
-0.2228628600,-1.4968160785
-0.2228178375,-1.4967710560
-0.2227277925,-1.4967710560
-0.2226377474,-1.4967710560
-0.2225477024,-1.4967710560
-0.2224576574,-1.4967710560
-0.2224126349,-1.4968160785
-0.2223676124,-1.4968611010
-0.2223225899,-1.4969061235
-0.2223225899,-1.4969961685
-0.2222775674,-1.4970411910
-0.2222325448,-1.4970862135
-0.2222325448,-1.4971762586
-0.2222325448,-1.4972663036
-0.2222325448,-1.4973563486
-0.2221875223,-1.4974013711
-0.2221424998,-1.4974463936
-0.2221424998,-1.4975364386
-0.2220974773,-1.4975814612
-0.2220524548,-1.4976264837
-0.2220074323,-1.4976715062
-0.2219624098,-1.4977165287
-0.2219173873,-1.4977615512
-0.2218273422,-1.4977615512
-0.2217372972,-1.4977615512
-0.2216472522,-1.4977615512
-0.2216022297,-1.4977165287
-0.2215572072,-1.4976715062
-0.2214671622,-1.4976715062
-0.2213771171,-1.4976715062
-0.2213320946,-1.4976264837
-0.2213320946,-1.4975364386
-0.2212870721,-1.4974914161
-0.2212420496,-1.4974463936
-0.2212420496,-1.4973563486
-0.2212420496,-1.4972663036
-0.2212420496,-1.4971762586
-0.2212420496,-1.4970862135
-0.2212420496,-1.4969961685
-0.2212420496,-1.4969061235
-0.2211970271,-1.4968611010
-0.2211520046,-1.4968160785
-0.2211069821,-1.4967710560
-0.2210169370,-1.4967710560
-0.2209268920,-1.4967710560
-0.2208368470,-1.4967710560
-0.2207468020,-1.4967710560
-0.2206567569,-1.4967710560
-0.2205667119,-1.4967710560
-0.2204766669,-1.4967710560
-0.2204316444,-1.4968160785
-0.2203866219,-1.4968611010
-0.2202965769,-1.4968611010
-0.2202515543,-1.4969061235
-0.2202065318,-1.4969511460
-0.2201164868,-1.4969511460
-0.2200714643,-1.4969061235
-0.2200264418,-1.4968611010
-0.2199363968,-1.4968611010
-0.2198913743,-1.4968160785
-0.2198463517,-1.4967710560
-0.2197563067,-1.4967710560
-0.2196662617,-1.4967710560
-0.2196212392,-1.4967260334
-0.2195762167,-1.4966810109
-0.2194861717,-1.4966810109
-0.2193961266,-1.4966810109
-0.2193060816,-1.4966810109
-0.2192160366,-1.4966810109
-0.2191710141,-1.4967260334
-0.2191259916,-1.4967710560
-0.2190809691,-1.4968160785
-0.2190359465,-1.4968611010
-0.2189909240,-1.4969061235
-0.2189909240,-1.4969961685
-0.2189909240,-1.4970862135
-0.2189909240,-1.4971762586
-0.2189909240,-1.4972663036
-0.2189909240,-1.4973563486
-0.2189909240,-1.4974463936
-0.2189909240,-1.4975364386
-0.2189459015,-1.4975814612
-0.2189008790,-1.4976264837
-0.2188558565,-1.4976715062
-0.2188108340,-1.4977165287
-0.2188108340,-1.4978065737
-0.2187658115,-1.4978515962
-0.2187207890,-1.4978966187
-0.2186757665,-1.4979416412
-0.2185857214,-1.4979416412
-0.2184956764,-1.4979416412
-0.2184506539,-1.4978966187
-0.2184056314,-1.4978515962
-0.2183606089,-1.4978065737
-0.2183155864,-1.4977615512
-0.2182705639,-1.4977165287
-0.2182255413,-1.4976715062
-0.2181354963,-1.4976715062
-0.2180904738,-1.4976264837
-0.2180454513,-1.4975814612
-0.2180004288,-1.4975364386
-0.2179554063,-1.4974914161
-0.2179103838,-1.4974463936
-0.2179103838,-1.4973563486
-0.2179103838,-1.4972663036
-0.2179103838,-1.4971762586
-0.2179103838,-1.4970862135
-0.2179103838,-1.4969961685
-0.2179103838,-1.4969061235
-0.2179103838,-1.4968160785
-0.2178653613,-1.4967710560
-0.2177753162,-1.4967710560
-0.2176852712,-1.4967710560
-0.2175952262,-1.4967710560
-0.2175051812,-1.4967710560
-0.2174151361,-1.4967710560
-0.2173250911,-1.4967710560
-0.2172350461,-1.4967710560
-0.2171450011,-1.4967710560
-0.2170549560,-1.4967710560
-0.2169649110,-1.4967710560
-0.2169198885,-1.4968160785
-0.2168748660,-1.4968611010
-0.2167848210,-1.4968611010
-0.2166947760,-1.4968611010
-0.2166497534,-1.4968160785
-0.2166047309,-1.4967710560
-0.2165597084,-1.4967260334
-0.2165146859,-1.4966810109
-0.2164246409,-1.4966810109
-0.2163345959,-1.4966810109
-0.2162445508,-1.4966810109
-0.2161545058,-1.4966810109
-0.2160644608,-1.4966810109
-0.2159744158,-1.4966810109
-0.2158843708,-1.4966810109
-0.2157943257,-1.4966810109
-0.2157042807,-1.4966810109
-0.2156592582,-1.4967260334
-0.2156142357,-1.4967710560
-0.2155692132,-1.4968160785
-0.2155692132,-1.4969061235
-0.2155692132,-1.4969961685
-0.2155692132,-1.4970862135
-0.2155692132,-1.4971762586
-0.2155241907,-1.4972212811
-0.2154791682,-1.4972663036
-0.2154791682,-1.4973563486
-0.2154791682,-1.4974463936
-0.2154341456,-1.4974914161
-0.2153891231,-1.4975364386
-0.2153441006,-1.4975814612
-0.2152990781,-1.4976264837
-0.2152540556,-1.4976715062
-0.2152090331,-1.4977165287
-0.2151640106,-1.4977615512
-0.2151189881,-1.4978065737
-0.2150739656,-1.4978515962
-0.2149839205,-1.4978515962
-0.2148938755,-1.4978515962
-0.2148038305,-1.4978515962
-0.2147588080,-1.4978065737
-0.2147137855,-1.4977615512
-0.2146237404,-1.4977615512
-0.2145787179,-1.4977165287
-0.2145336954,-1.4976715062
-0.2144436504,-1.4976715062
-0.2143986279,-1.4976264837
-0.2143536054,-1.4975814612
-0.2143085829,-1.4975364386
-0.2143085829,-1.4974463936
-0.2143085829,-1.4973563486
-0.2143085829,-1.4972663036
-0.2143085829,-1.4971762586
-0.2143085829,-1.4970862135
-0.2143085829,-1.4969961685
-0.2143085829,-1.4969061235
-0.2143085829,-1.4968160785
-0.2143085829,-1.4967260334
-0.2142635604,-1.4966810109
-0.2142185378,-1.4966359884
-0.2141735153,-1.4965909659
-0.2141284928,-1.4965459434
-0.2140834703,-1.4965009209
-0.2139934253,-1.4965009209
-0.2139033803,-1.4965009209
-0.2138133352,-1.4965009209
-0.2137232902,-1.4965009209
-0.2136332452,-1.4965009209
-0.2135882227,-1.4965459434
-0.2135432002,-1.4965909659
-0.2134531551,-1.4965909659
-0.2133631101,-1.4965909659
-0.2132730651,-1.4965909659
-0.2132280426,-1.4966359884
-0.2131830201,-1.4966810109
-0.2130929751,-1.4966810109
-0.2130479525,-1.4967260334
-0.2130029300,-1.4967710560
-0.2129579075,-1.4967260334
-0.2129128850,-1.4966810109
-0.2128678625,-1.4966359884
-0.2128228400,-1.4965909659
-0.2127778175,-1.4965459434
-0.2127327950,-1.4965009209
-0.2126427499,-1.4965009209
-0.2125527049,-1.4965009209
-0.2124626599,-1.4965009209
-0.2123726149,-1.4965009209
-0.2122825699,-1.4965009209
-0.2122375473,-1.4964558984
-0.2121925248,-1.4964108759
-0.2121024798,-1.4964108759
-0.2120124348,-1.4964108759
-0.2119223898,-1.4964108759
-0.2118323447,-1.4964108759
-0.2117422997,-1.4964108759
-0.2116972772,-1.4964558984
-0.2116522547,-1.4965009209
-0.2116072322,-1.4965459434
-0.2116072322,-1.4966359884
-0.2116072322,-1.4967260334
-0.2116072322,-1.4968160785
-0.2116072322,-1.4969061235
-0.2116072322,-1.4969961685
-0.2116072322,-1.4970862135
-0.2116072322,-1.4971762586
-0.2116072322,-1.4972663036
-0.2115622097,-1.4973113261
-0.2115171872,-1.4973563486
-0.2115171872,-1.4974463936
-0.2114721647,-1.4974914161
-0.2114271421,-1.4975364386
-0.2113821196,-1.4975814612
-0.2113370971,-1.4976264837
-0.2112920746,-1.4976715062
-0.2112470521,-1.4977165287
-0.2112020296,-1.4977615512
-0.2111570071,-1.4978065737
-0.2111119846,-1.4978515962
-0.2110219395,-1.4978515962
-0.2109769170,-1.4978065737
-0.2109318945,-1.4977615512
-0.2108868720,-1.4977165287
-0.2108418495,-1.4976715062
-0.2107518045,-1.4976715062
-0.2107067820,-1.4976264837
-0.2106617595,-1.4975814612
-0.2105717144,-1.4975814612
-0.2105266919,-1.4975364386
-0.2104816694,-1.4974914161
-0.2103916244,-1.4974914161
-0.2103015794,-1.4974914161
-0.2102565568,-1.4974463936
-0.2102565568,-1.4973563486
-0.2102115343,-1.4973113261
-0.2101665118,-1.4972663036
-0.2101665118,-1.4971762586
-0.2101665118,-1.4970862135
-0.2101665118,-1.4969961685
-0.2102115343,-1.4969511460
-0.2102565568,-1.4969061235
-0.2102565568,-1.4968160785
-0.2102565568,-1.4967260334
-0.2102565568,-1.4966359884
-0.2102565568,-1.4965459434
-0.2102565568,-1.4964558984
-0.2102565568,-1.4963658534
-0.2102115343,-1.4963208308
-0.2101214893,-1.4963208308
-0.2100314443,-1.4963208308
-0.2099864218,-1.4962758083
-0.2099413993,-1.4962307858
-0.2098963768,-1.4962758083
-0.2098513542,-1.4963208308
-0.2097613092,-1.4963208308
-0.2096712642,-1.4963208308
-0.2095812192,-1.4963208308
-0.2094911742,-1.4963208308
-0.2094011291,-1.4963208308
-0.2093110841,-1.4963208308
-0.2092210391,-1.4963208308
-0.2091309941,-1.4963208308
-0.2090859716,-1.4963658534
-0.2090409490,-1.4964108759
-0.2089509040,-1.4964108759
-0.2089058815,-1.4964558984
-0.2088608590,-1.4965009209
-0.2087708140,-1.4965009209
-0.2087257915,-1.4964558984
-0.2086807690,-1.4964108759
-0.2086357464,-1.4963658534
-0.2085907239,-1.4963208308
-0.2085457014,-1.4962758083
-0.2085006789,-1.4962307858
-0.2084106339,-1.4962307858
-0.2083205889,-1.4962307858
-0.2082305438,-1.4962307858
-0.2081404988,-1.4962307858
-0.2080504538,-1.4962307858
-0.2080054313,-1.4961857633
-0.2079604088,-1.4961407408
-0.2078703638,-1.4961407408
-0.2077803187,-1.4961407408
-0.2076902737,-1.4961407408
-0.2076452512,-1.4960957183
-0.2076002287,-1.4960506958
-0.2075101837,-1.4960506958
-0.2074651612,-1.4960957183
-0.2074201386,-1.4961407408
-0.2073300936,-1.4961407408
-0.2072850711,-1.4961857633
-0.2072850711,-1.4962758083
-0.2072850711,-1.4963658534
-0.2072850711,-1.4964558984
-0.2072850711,-1.4965459434
-0.2072850711,-1.4966359884
-0.2072850711,-1.4967260334
-0.2072850711,-1.4968160785
-0.2072850711,-1.4969061235
-0.2072400486,-1.4969511460
-0.2071950261,-1.4969961685
-0.2071950261,-1.4970862135
-0.2071500036,-1.4971312360
-0.2070599586,-1.4971312360
-0.2070149360,-1.4971762586
-0.2069699135,-1.4972212811
-0.2069248910,-1.4972663036
-0.2068798685,-1.4973113261
-0.2068348460,-1.4973563486
-0.2068348460,-1.4974463936
-0.2067898235,-1.4974914161
-0.2067448010,-1.4975364386
-0.2066997785,-1.4975814612
-0.2066547559,-1.4976264837
-0.2066097334,-1.4976715062
-0.2065196884,-1.4976715062
-0.2064746659,-1.4976264837
-0.2064296434,-1.4975814612
-0.2063846209,-1.4975364386
-0.2063395984,-1.4974914161
-0.2062945759,-1.4974463936
-0.2062495533,-1.4974013711
-0.2061595083,-1.4974013711
-0.2061144858,-1.4973563486
-0.2060694633,-1.4973113261
-0.2059794183,-1.4973113261
-0.2058893733,-1.4973113261
-0.2058443507,-1.4972663036
-0.2057993282,-1.4972212811
-0.2057543057,-1.4971762586
-0.2057543057,-1.4970862135
-0.2057543057,-1.4969961685
-0.2057092832,-1.4969511460
-0.2056642607,-1.4969061235
-0.2056642607,-1.4968160785
-0.2056642607,-1.4967260334
-0.2056642607,-1.4966359884
-0.2056642607,-1.4965459434
-0.2057092832,-1.4965009209
-0.2057543057,-1.4964558984
-0.2057543057,-1.4963658534
-0.2057543057,-1.4962758083
-0.2057993282,-1.4962307858
-0.2058443507,-1.4961857633
-0.2058443507,-1.4960957183
-0.2058443507,-1.4960056733
-0.2057993282,-1.4959606508
-0.2057543057,-1.4959156282
-0.2057092832,-1.4958706057
-0.2056192382,-1.4958706057
-0.2055291932,-1.4958706057
-0.2054391481,-1.4958706057
-0.2053491031,-1.4958706057
-0.2052590581,-1.4958706057
-0.2051690131,-1.4958706057
-0.2050789681,-1.4958706057
-0.2049889230,-1.4958706057
-0.2048988780,-1.4958706057
-0.2048088330,-1.4958706057
-0.2047187880,-1.4958706057
-0.2046287429,-1.4958706057
-0.2045386979,-1.4958706057
-0.2044486529,-1.4958706057
-0.2044036304,-1.4959156282
-0.2043586079,-1.4959606508
-0.2043135854,-1.4960056733
-0.2042685629,-1.4960506958
-0.2042235403,-1.4960957183
-0.2041785178,-1.4961407408
-0.2041334953,-1.4960957183
-0.2040884728,-1.4960506958
-0.2040434503,-1.4960056733
-0.2039984278,-1.4959606508
-0.2039534053,-1.4959156282
-0.2039083828,-1.4958706057
-0.2038633603,-1.4958255832
-0.2038183377,-1.4957805607
-0.2037282927,-1.4957805607
-0.2036832702,-1.4957355382
-0.2036382477,-1.4956905157
-0.2035482027,-1.4956905157
-0.2034581577,-1.4956905157
-0.2033681126,-1.4956905157
-0.2032780676,-1.4956905157
-0.2031880226,-1.4956905157
-0.2030979776,-1.4956905157
-0.2030079325,-1.4956905157
-0.2029629100,-1.4956454932
-0.2029178875,-1.4956004707
-0.2028278425,-1.4956004707
-0.2027377975,-1.4956004707
-0.2026477524,-1.4956004707
-0.2025577074,-1.4956004707
-0.2025126849,-1.4956454932
-0.2024676624,-1.4956905157
-0.2024226399,-1.4957355382
-0.2024226399,-1.4958255832
-0.2024226399,-1.4959156282
-0.2024226399,-1.4960056733
-0.2024226399,-1.4960957183
-0.2024226399,-1.4961857633
-0.2024226399,-1.4962758083
-0.2024226399,-1.4963658534
-0.2024226399,-1.4964558984
-0.2024226399,-1.4965459434
-0.2023776174,-1.4965909659
-0.2023325949,-1.4966359884
-0.2022875724,-1.4966810109
-0.2022425498,-1.4967260334
-0.2021975273,-1.4967710560
-0.2021525048,-1.4968160785
-0.2021074823,-1.4968611010
-0.2020174373,-1.4968611010
-0.2019724148,-1.4969061235
-0.2019724148,-1.4969961685
-0.2019273923,-1.4970411910
-0.2018823698,-1.4970862135
-0.2018373472,-1.4971312360
-0.2017923247,-1.4971762586
-0.2017923247,-1.4972663036
-0.2017473022,-1.4973113261
-0.2017022797,-1.4973563486
-0.2016572572,-1.4974013711
-0.2015672122,-1.4974013711
-0.2015221897,-1.4973563486
-0.2014771672,-1.4973113261
-0.2014321446,-1.4972663036
-0.2013871221,-1.4972212811
-0.2013420996,-1.4971762586
-0.2012970771,-1.4971312360
-0.2012520546,-1.4970862135
-0.2012070321,-1.4970411910
-0.2011620096,-1.4969961685
-0.2011169871,-1.4969511460
-0.2010269420,-1.4969511460
-0.2009819195,-1.4969061235
-0.2009368970,-1.4968611010
-0.2008468520,-1.4968611010
-0.2008018295,-1.4968160785
-0.2007568070,-1.4967710560
-0.2007117845,-1.4967260334
-0.2007117845,-1.4966359884
-0.2007117845,-1.4965459434
-0.2006667620,-1.4965009209
-0.2006217394,-1.4964558984
-0.2006217394,-1.4963658534
-0.2006217394,-1.4962758083
-0.2006217394,-1.4961857633
-0.2006217394,-1.4960957183
-0.2006667620,-1.4960506958
-0.2007117845,-1.4960056733
-0.2007117845,-1.4959156282
-0.2007117845,-1.4958255832
-0.2007117845,-1.4957355382
-0.2007568070,-1.4956905157
-0.2008018295,-1.4956454932
-0.2008018295,-1.4955554482
-0.2007568070,-1.4955104256
-0.2007117845,-1.4954654031
-0.2006667620,-1.4954203806
-0.2006217394,-1.4953753581
-0.2005767169,-1.4953303356
-0.2004866719,-1.4953303356
-0.2003966269,-1.4953303356
-0.2003516044,-1.4952853131
-0.2003065819,-1.4952402906
-0.2002165368,-1.4952402906
-0.2001715143,-1.4952853131
-0.2001264918,-1.4953303356
-0.2000364468,-1.4953303356
-0.1999464018,-1.4953303356
-0.1998563567,-1.4953303356
-0.1997663117,-1.4953303356
-0.1997212892,-1.4952853131
-0.1996762667,-1.4952402906
-0.1995862217,-1.4952402906
-0.1994961767,-1.4952402906
-0.1994061316,-1.4952402906
-0.1993160866,-1.4952402906
-0.1992710641,-1.4952853131
-0.1992260416,-1.4953303356
-0.1991810191,-1.4953753581
-0.1991359966,-1.4954203806
-0.1990909741,-1.4954654031
-0.1990459515,-1.4955104256
-0.1990009290,-1.4955554482
-0.1989559065,-1.4956004707
-0.1988658615,-1.4956004707
-0.1988208390,-1.4955554482
-0.1987758165,-1.4955104256
-0.1987307940,-1.4954654031
-0.1986857715,-1.4954203806
-0.1986407489,-1.4953753581
-0.1986407489,-1.4952853131
-0.1985957264,-1.4952402906
-0.1985507039,-1.4951952681
-0.1985056814,-1.4951502455
-0.1984156364,-1.4951502455
-0.1983706139,-1.4951052230
-0.1983255914,-1.4950602005
-0.1982355463,-1.4950602005
-0.1981455013,-1.4950602005
-0.1980554563,-1.4950602005
-0.1979654113,-1.4950602005
-0.1978753663,-1.4950602005
-0.1978303437,-1.4950151780
-0.1977853212,-1.4949701555
-0.1977402987,-1.4949251330
-0.1976952762,-1.4948801105
-0.1976052312,-1.4948801105
-0.1975151862,-1.4948801105
-0.1974701637,-1.4948350880
-0.1974251411,-1.4947900655
-0.1973350961,-1.4947900655
-0.1972450511,-1.4947900655
-0.1971550061,-1.4947900655
-0.1970649611,-1.4947900655
-0.1969749160,-1.4947900655
-0.1969298935,-1.4948350880
-0.1968848710,-1.4948801105
-0.1968398485,-1.4949251330
-0.1968398485,-1.4950151780
-0.1968398485,-1.4951052230
-0.1968398485,-1.4951952681
-0.1968848710,-1.4952402906
-0.1969298935,-1.4952853131
-0.1969298935,-1.4953753581
-0.1969298935,-1.4954654031
-0.1969298935,-1.4955554482
-0.1969298935,-1.4956454932
-0.1969298935,-1.4957355382
-0.1969298935,-1.4958255832
-0.1968848710,-1.4958706057
-0.1968398485,-1.4959156282
-0.1968398485,-1.4960056733
-0.1967948260,-1.4960506958
-0.1967498035,-1.4960957183
-0.1967047810,-1.4961407408
-0.1966147359,-1.4961407408
-0.1965697134,-1.4961857633
-0.1965246909,-1.4962307858
-0.1964796684,-1.4962758083
-0.1964346459,-1.4963208308
-0.1963896234,-1.4963658534
-0.1963446009,-1.4964108759
-0.1962995784,-1.4964558984
-0.1962995784,-1.4965459434
-0.1962545558,-1.4965909659
-0.1962095333,-1.4966359884
-0.1962095333,-1.4967260334
-0.1961645108,-1.4967710560
-0.1961194883,-1.4968160785
-0.1960744658,-1.4968611010
-0.1959844208,-1.4968611010
-0.1958943758,-1.4968611010
-0.1958043307,-1.4968611010
-0.1957142857,-1.4968611010
-0.1957142857,-1.5176615012
